0.5536863241024678,0.17628075799964513,-0.5667553155089666,0.5840761604476761,0.45537277600133813,0.09700277460230045,-0.1398330644990689,0.029759868586975966,0.6144210582165845,0.6347947682847028,-0.4675860515456688,0.42860387649693704,0.39298380643651987,-0.22536233265679698,0.9009657239959616,0.04761636951702112,0.423915547176352,0.07930355856218216,0.4634586019791399,0.03843296626696404,-0.323634667689164,0.8789111047835754,0.003575843092311709,0.4637252124989198,-0.11163068810647972,0.5040338928257396,0.5274778785612693,-0.3844877109781798,0.14633919420331995,0.020700433781466604,0.9885694978050877,0.02977717734404487,0.5657095583353798,0.29682472656577197,-0.3800188292226281
0.5548493671584763,0.17774831597758228,-0.5653258263852597,0.5839130294425662,0.452954310948671,0.09579926396833977,-0.14071845568890679,0.028824883166228936,0.614148794347704,0.6374951833051885,-0.4643169992304816,0.4273313669966053,0.39240259350348133,-0.2255006378198394,0.9002305700153641,0.05290641085478056,0.4243673744675715,0.08184231172063665,0.4626235728681947,0.03747788664974991,-0.3244776352324401,0.8776191846482949,5.344990957860604E-4,0.4660573296086342,-0.11213762332976288,0.5044177665937304,0.5269282433752852,-0.3838118389562597,0.1389335305510863,0.018479881467808584,0.9896401267634503,0.031118926221326886,0.5651423372539904,0.2959412774826121,-0.38094182989655007
0.5566295605710345,0.16996104293938188,-0.5590744987383377,0.5905188236135503,0.4425133808277818,0.09641393569413734,-0.14557915598233623,0.027742584568354982,0.6146742624369574,0.6403500465261371,-0.4597365745870389,0.42603985659411087,0.39164345610119444,-0.22537777237367554,0.8954233314396147,0.05777664530103331,0.43296787756864236,0.08612626640604917,0.45655103566329064,0.0356425153884086,-0.32853766582362215,0.8757241053065616,-0.003089375388439466,0.4695352554675904,-0.11240280698325958,0.5051303972423405,0.5262656513091997,-0.3824764364785635,0.12978146760480078,0.0158426912253651,0.9907776658072255,0.03557241541795326,0.5635074313223799,0.29463500138183063,-0.38212165753885213
0.5658790273904375,0.1651396281316345,-0.5507058905604397,0.5909592639786868,0.4292440440144849,0.09220684358502877,-0.15332071398878083,0.027301197988717746,0.614289797580764,0.6438999085592026,-0.4552972621639792,0.4244997456182018,0.39026080832272436,-0.2248190896382323,0.8888355390208795,0.05493486853254903,0.4468418913203517,0.08535730170304522,0.4481189858071824,0.032511646992391556,-0.33564618008531005,0.8737622576168966,-0.007091568614580546,0.473010430164359,-0.11291749100355107,0.5056676727329374,0.5251342701698266,-0.38081009530793586,0.12105619527670373,0.011595584136265567,0.9917790559759722,0.039815124526704895,0.5621257890993032,0.29339058665901274,-0.38341029585091235
0.5780811735924196,0.1566063539133551,-0.5351330266294149,0.5957593897391948,0.4075648475966172,0.08681837748898522,-0.1660759872562238,0.02528183767741498,0.6138797592184355,0.6488818597477554,-0.44884830621922006,0.4229226662727106,0.3884258339652529,-0.2244384569267019,0.8780080496628879,0.0541855330339506,0.46791571376770363,0.08497456999749319,0.4350163809526477,0.027320828305546274,-0.3474677434936561,0.8708151146069222,-0.013158520419256352,0.47815980912505296,-0.11345081070667636,0.5072861639892512,0.5240253154368607,-0.37846127504734345,0.11214203735504537,0.005966135328877254,0.99238416378066,0.05061857529067151,0.5597554868789062,0.2923000142511759,-0.3851573511247418
0.589273625484534,0.14659890302111,-0.5173297345074498,0.6030218086734275,0.3843463121436436,0.08217632997637385,-0.1831425664369884,0.022603315423458364,0.6126122066617737,0.6568248195458516,-0.4390632423802058,0.42055304405094895,0.38688369789494925,-0.22447153881966964,0.8646327665785316,0.055244230129974446,0.49189234848390684,0.0860242494828493,0.4208435949324968,0.022528968060734313,-0.36277129153025234,0.8663982171362558,-0.022814209251091053,0.4851826517966769,-0.11589407057701284,0.5092740442666153,0.5226605565574132,-0.37559677744606923,0.10083846534265103,-0.002961644459567472,0.9929600630988081,0.06207371150692426,0.5569059075847065,0.29105735572071073,-0.3870396130700864
0.6043009066162476,0.13512205105072445,-0.4978877985757085,0.6071821683910533,0.3604407193658516,0.0751389997732429,-0.20367541542987813,0.02088662055591739,0.6112723870585863,0.6651021078244378,-0.4284261944243615,0.41835738849802695,0.38441838948086515,-0.22325952551595404,0.849524549684544,0.05300727701183017,0.5183336125508162,0.08263494519320595,0.4070381796459241,0.017065323204920695,-0.38128366892423343,0.8615359660330278,-0.033249954153504985,0.49270443993336654,-0.11786668168008632,0.5114646146870132,0.5205538117542527,-0.3712503422647212,0.08705997904383975,-0.014233319710219256,0.993149782967103,0.07662559136025661,0.5537517931071204,0.28993892629939483,-0.3891826502899628
0.6142557234674862,0.1311940513029764,-0.47815791656225476,0.6138754221493078,0.3420115118909352,0.06898765155586223,-0.22129706378347477,0.018898549102129875,0.6082571755822002,0.6737769621821647,-0.41915469510333875,0.4155352827156003,0.38099006390849444,-0.22225333987107002,0.8375934270019472,0.056273932314443324,0.5375141486962999,0.07968083543924201,0.39691858007689096,0.011916117380690445,-0.3970842271301858,0.8571041065674705,-0.043585020933679705,0.4988065492920758,-0.12109881435720495,0.512648768431578,0.5178921227162162,-0.3669360913881772,0.07467286552298989,-0.024302182863459167,0.9928719834918959,0.08965819237261456,0.5503769407585276,0.28787262918702844,-0.39122333302116163
0.6272117451095621,0.12536910062529577,-0.462618023694752,0.6138994865267312,0.32463934602986466,0.06074669709755893,-0.239185628952791,0.017136412078077732,0.6097749485604892,0.6783431143321701,-0.40955033234912136,0.4118091436298332,0.3784688316005031,-0.22131899241065672,0.8256950972439112,0.05196164937274656,0.556927805851389,0.07320527611715882,0.38736839985221283,0.006915651859736148,-0.4129376330173744,0.8519516170110383,-0.04957264466595941,0.506960930029824,-0.12129142837148697,0.513455321059139,0.5145364434117333,-0.3637709966474602,0.06154187946384378,-0.03417556423284394,0.9925118636979589,0.09982398659755505,0.547258193029694,0.28544550026846177,-0.3937977169442896
0.6402999041801488,0.11995411406704513,-0.44470456270942343,0.6147071620948491,0.3066774870604579,0.052018857078305406,-0.25896103958655214,0.013211724272268032,0.6075543754138246,0.6872611630309571,-0.3979638489192296,0.40687568848778466,0.3748507282582703,-0.221824185889138,0.812609129706572,0.050763503680898714,0.5768022514590105,0.06624674877594704,0.3762930088914211,0.0010821938479748804,-0.430555571687041,0.84556245316724,-0.06042504297566824,0.5154137690602355,-0.1253857991891832,0.5127577465848485,0.5115245679865441,-0.3601004126028491,0.04696683882857097,-0.04481634243689447,0.991758680744008,0.11045510703419209,0.5430444971845723,0.28301032758057926,-0.39627841213131204
0.6502857215046498,0.11719804937085784,-0.43077800451252635,0.6146734160991906,0.29180756837795013,0.04475370197291073,-0.27516786237046226,0.008075051180894667,0.6056301952944332,0.6943614007400188,-0.38859890022800075,0.4022749782121325,0.3706188948822914,-0.22288868622474461,0.8029371892094289,0.048444402575767154,0.591203954701392,0.058505503920341026,0.3674306018335583,-0.0032882927038101273,-0.4449705022568997,0.8395446395008226,-0.0685144608878438,0.5230463032928098,-0.12997358018616056,0.5122217673109736,0.5077753260601644,-0.3574022069809651,0.03678739646912575,-0.05525799970430077,0.9905651847578587,0.1198910158240896,0.5390779417996281,0.2812330406119649,-0.3978829449861903
0.6590483481634525,0.11099305046076345,-0.42003179690854364,0.613929236246507,0.27852787743743607,0.03981550327458744,-0.29034394804779273,0.0015874936953358296,0.6031591494615016,0.7009515520162946,-0.38060930363115547,0.39727022271040946,0.36493603426013366,-0.22453700769182514,0.7938407350330671,0.045350268631199064,0.6039164274703328,0.055183232677220355,0.3591257064707005,-0.006625176681597817,-0.45856361082197294,0.8334922976855563,-0.07491164536471276,0.5304056614045682,-0.13545726055692306,0.5103507524590545,0.5040396354430604,-0.3544851289438443,0.028696351765456044,-0.06733658227269702,0.9896704825844329,0.12326654040850324,0.5358170135453031,0.27952527393067833,-0.39956090868815475
0.666635326306826,0.10431887331529958,-0.4091544305761711,0.6142536661102703,0.26471090656892377,0.03580310225137483,-0.3082929492264098,-0.004830546586831857,0.6011615286550506,0.7073489301556016,-0.3718050205316235,0.3904540672816044,0.3594306005448426,-0.2258129785588457,0.782947274532121,0.041860729974828925,0.6182661848128919,0.05466415009500566,0.35023413009893317,-0.009621657553513524,-0.47375212793120225,0.8273114369699854,-0.08126454261034462,0.5377354620587971,-0.14068558283420993,0.5072023513613702,0.4990188604427939,-0.351859083054546,0.022834516899092057,-0.08054282204143857,0.987847857918117,0.13095055655541893,0.5312490730653954,0.2776963337305402,-0.40084010828688815
0.6730101738838278,0.09642124111599458,-0.3972444259490362,0.6164066159305334,0.25294869752014904,0.032428307035483765,-0.32732722063577174,-0.010515517164695357,0.5991333177463328,0.7118527860711491,-0.3663254051083188,0.3857428875969219,0.35358324956690995,-0.22635733476154707,0.7700348138868099,0.04099882300258575,0.634316198452554,0.05484926886849722,0.34352127855350845,-0.012561325935333245,-0.4895445430946546,0.8229943414638677,-0.08576384595034683,0.5422848259314142,-0.14578080878769853,0.5047472852753194,0.4941342259746009,-0.3493723443027767,0.012721544916755388,-0.09085457751947187,0.9861997627952355,0.1378174005752196,0.5281456189582212,0.27623206586664684,-0.40254797807070564
0.6799579477478863,0.08641893973182972,-0.37990292298351774,0.6211784970994154,0.2392708569899694,0.02896584224062828,-0.3479430194879472,-0.01593117844660287,0.5971087007152074,0.7153093547000406,-0.3626843312883959,0.3824094788452855,0.3479943435089531,-0.22709718217220026,0.7549022702975507,0.04258454121981273,0.65221042576418,0.054135752264183795,0.3372010049628656,-0.015132344129514636,-0.5059733054753558,0.8195643832335303,-0.08901129924936602,0.5458224873661008,-0.14989670652307865,0.5021780650471862,0.48942963249706817,-0.3476123455869654,0.006590415112889705,-0.0992315318857646,0.9846154608579188,0.14367346222525726,0.5251343687901698,0.27484066433914045,-0.40366881234564583
0.6869366744365721,0.0779969666975614,-0.36484492704490307,0.6236366391654693,0.22777184397346997,0.026483911336874343,-0.3662921045006469,-0.019607846713679968,0.5955762105570319,0.7173381084034944,-0.3610132241315757,0.37949815340859094,0.34469975132118574,-0.22705196102622396,0.7402321204375094,0.04296672383317968,0.6689786451327634,0.051747858622015565,0.331666714045915,-0.01661398470034173,-0.5204615181089829,0.8178414466701999,-0.09082592933795766,0.5472528182544257,-0.15297179995306207,0.5002700098723367,0.48659743987549414,-0.34604455203753887,0.003814254343797,-0.10467837199136686,0.9837431770246834,0.14586723949681216,0.5231734230992037,0.2738473498063228,-0.4043098271510312
0.6938619806316363,0.07188923842989017,-0.35011835617572734,0.6251436842044553,0.21675439859148532,0.023420670839425582,-0.38401087954799495,-0.02145985817864519,0.5936668452678965,0.7189862896560555,-0.36077398271387967,0.37744352584112606,0.34113748204470706,-0.22726667310708415,0.7258900867953255,0.04302514929823138,0.6847009403120685,0.04916340870921303,0.32547048767049036,-0.01845610790740752,-0.534123553424382,0.8170135916765238,-0.0926886772554623,0.5474563990027425,-0.15552842606870732,0.4984988896212806,0.48396561169086144,-0.34484528485103527,0.001892722811941423,-0.10918720654064325,0.9829552032170585,0.14789739685579126,0.5209501868449736,0.2728404034114457,-0.4047654951812537
0.6956667076568288,0.06826043326865516,-0.3373386333021432,0.6305481675413275,0.20734951377039867,0.021908268706313124,-0.3986325470931467,-0.02239271770013214,0.5922089453673404,0.7206179785747022,-0.3598567217321566,0.37600626350412925,0.33843786125704844,-0.2264981494277542,0.7139199240758829,0.04615073089518956,0.6968959496111282,0.05024427789240589,0.32023804168268516,-0.019659987337980415,-0.5457827083150609,0.8164597041906392,-0.09450975043046769,0.5474295282405769,-0.15742417259367875,0.4976503015405575,0.48181084308533045,-0.3434800531469785,0.002423240139321561,-0.11282773692961415,0.9821149342287687,0.15071259287594496,0.5190215472427735,0.27218209015788536,-0.40484545348301204
0.695168490502147,0.06947644929022571,-0.3310040261854996,0.6343107499136196,0.19916838948477564,0.019455496383014213,-0.4085640244895876,-0.020600322860781017,0.5908778870063822,0.7215020925564966,-0.3603799103467081,0.37523430893299403,0.3371451190600865,-0.2250527493993382,0.7056820233604834,0.04921228125540842,0.7049711142813466,0.05105645217217226,0.3130328109698036,-0.021364554126951135,-0.5537243336246611,0.817227998840849,-0.09555220674354632,0.5462492628645597,-0.15690735010491028,0.4963849459516931,0.48063223215129897,-0.34265792734447964,-1.2782571238145442E-4,-0.11343211585093359,0.9811123755232976,0.156689646592235,0.5168475260065045,0.2716445408617029,-0.40504956577314516
0.6954177197795254,0.07566153622670256,-0.3306170726872751,0.6335312764182663,0.19282662161190706,0.017040760439388482,-0.4126223412047755,-0.01866880387035623,0.5904913744125132,0.7223097767598514,-0.35949965076979584,0.3739845221540525,0.3371276551597676,-0.22460994701627282,0.703251060502302,0.04811947736776504,0.707674309133695,0.04816154059400858,0.3056501391350499,-0.02222171892466119,-0.5578758872275767,0.8174120050404394,-0.09802397580551785,0.5457768677201897,-0.15606577089351342,0.49545589071175283,0.4801381697555053,-0.34193110295679163,0.0017168311768939555,-0.11429454267603557,0.981176861913251,0.1556463158936017,0.5147799114697634,0.271726935985143,-0.4047226938965606
0.6932803558571166,0.08328987423561396,-0.3350314425731137,0.6325970894019541,0.18410568034275654,0.015028469669617114,-0.41056759779432483,-0.014542267184060919,0.5877155420779009,0.7239419795301618,-0.3609528699694427,0.37303560293014515,0.3366971179290033,-0.22180005284123416,0.7064415911011621,0.051071797353084515,0.7042828561958764,0.04814154490834818,0.29444928399031867,-0.023364335236907688,-0.5568421113058099,0.8202013916417646,-0.10120741988456328,0.5411631785207416,-0.15546430304912615,0.49378572687479283,0.4792906493223309,-0.33962444773893036,0.0039039302495088206,-0.11341225032249203,0.9805880324529139,0.1599047573260989,0.5120130248176229,0.2710508628410551,-0.40385049489812863
0.6882450779174981,0.09562530361656237,-0.3435030326182371,0.6318070754689692,0.17627792791659586,0.012215017392985382,-0.4034862541258414,-0.005419191059831282,0.5847037991853772,0.7248721431724416,-0.36421487564216043,0.3741592143164509,0.3360147120933416,-0.21715003556427975,0.7131501043218462,0.05079634306125444,0.6977133841256403,0.04508540616751455,0.2821915559488613,-0.025347363609727783,-0.5525089062353358,0.8246823926195964,-0.1049893760499763,0.5344624354555603,-0.15240107383731166,0.49389187456459405,0.4781140218837436,-0.3375932332827304,0.00531835153750765,-0.11213972615373152,0.9801502782251561,0.16340694309067358,0.5089326527052814,0.2698299268909624,-0.4027699177982648
0.6787808044353127,0.11313347210621497,-0.3607577045477228,0.6295326168109164,0.16746405816463,0.008119578554348398,-0.38702375904817865,0.002906680563306791,0.5799802718552827,0.7266008086600008,-0.3683282507783082,0.37540713369790596,0.333851915356857,-0.21304717074913004,0.7281174723106029,0.05207948262168251,0.6820334732962228,0.04430592860291985,0.26532772230558926,-0.029427095404095483,-0.5403452736969891,0.829373264890545,-0.10952608143256173,0.5265303385267809,-0.15135992726511036,0.4929525679087661,0.47560094946003123,-0.3352798881802642,0.012421525325131329,-0.11031741352259575,0.9799203975363382,0.16562544633753262,0.505845681017995,0.2668154002212883,-0.4013656861067242
0.6655765506726051,0.12889860374373857,-0.3829078467674997,0.6275146102136178,0.16114652118659825,0.005721732556973812,-0.36572794118390095,0.010366001250293208,0.5772403365677182,0.7268814825777927,-0.37192667307249755,0.37660769445628184,0.33138005684780447,-0.20998422879508769,0.7469273373787355,0.05500827377544674,0.6609848619951845,0.04661174429009441,0.24963896889237033,-0.033250953911358544,-0.5243358676544817,0.8336817958332566,-0.11191144349726023,0.5198573620169017,-0.14899266850225795,0.49279627609626037,0.47294063416105575,-0.3338916681613877,0.019782162819596102,-0.108511867003998,0.9797793205562539,0.16693209327091965,0.5030350771470508,0.2635975470652646,-0.40031277675196997
0.6566783707511803,0.14455567900990873,-0.4023751806777635,0.6212659551497224,0.15378436965802197,0.001926980284593082,-0.34199414402876527,0.01738924949002353,0.576201088242491,0.7261582631254877,-0.3746786580590332,0.3773691524817589,0.32977243817630825,-0.20767852414699015,0.7661121617395292,0.054725558820363944,0.6387528164881174,0.04552041602491807,0.23343239222903858,-0.03687192732070261,-0.5052220812014082,0.8377087359503499,-0.1136621712229251,0.5142376933721962,-0.14451497936408148,0.4921402417688147,0.46977876116319434,-0.33403487782419716,0.025990164922754258,-0.10502334351311261,0.9798244534017553,0.16804359303634925,0.5006830944348329,0.2596517299519526,-0.39955518861877
0.6430039165588713,0.16915850152955625,-0.4224807951838508,0.6159881024427731,0.1446083709812142,-0.0011014395514517656,-0.31382370351274175,0.025277923711897465,0.577015239212246,0.7249610834664592,-0.37529437478969474,0.3773637110968221,0.3289193332779632,-0.20700854293784812,0.7868711599112914,0.05690065276595085,0.6131618188376373,0.04035687468558508,0.212873345638695,-0.03888753857686476,-0.4823061912804601,0.8407330697741412,-0.11567424747969988,0.5104641184545523,-0.1386136992817496,0.4915271148669324,0.4669554883068039,-0.3357669478483043,0.03200117941883032,-0.09981006866671803,0.9800275513936889,0.16899666629208748,0.49763674627698606,0.2551220754045273,-0.3987752733869974
0.6330332842275278,0.18789461929430273,-0.4377193489526995,0.610218194298387,0.13417825817119908,-0.004664921067041885,-0.29027503494851903,0.030357103369042137,0.5769437722896696,0.7251263794045909,-0.37470797133607475,0.37702598738705906,0.32819691905751425,-0.20758540118918062,0.8027451286737652,0.058360962085891796,0.5924448149719189,0.034690023174367965,0.1935966348646546,-0.04075771780858455,-0.46219159311681446,0.8425356904010027,-0.11805651736178362,0.5081372127393418,-0.13413740022233017,0.49146899311744124,0.4651117174009097,-0.3375545351579201,0.03668169501242817,-0.09651346996338148,0.9805102414141321,0.16715044076712204,0.49549924312779936,0.25151923571288887,-0.3981554331826648
0.6201188021611832,0.2047579108836973,-0.4540738872356344,0.6060889159747467,0.12185425997182972,-0.0074426124343830585,-0.2622218703574949,0.039550431820855804,0.5767038804577241,0.7255545533030118,-0.3733885212336528,0.37770241321991666,0.32822224329882127,-0.20582274726521688,0.8193197432981254,0.060999322177420004,0.5690980481820025,0.03349108077122344,0.17156702162532508,-0.044237116709562825,-0.4367267129880685,0.845345627552337,-0.12312298724086178,0.5037045452823509,-0.12850381726988572,0.492103810272412,0.46289491198402916,-0.3381147947141116,0.044532893165877246,-0.09293233482947291,0.9796920757220972,0.17199953295502868,0.49233739251712316,0.24796827415046083,-0.39742733279471665
0.6097008682462465,0.21935610655990143,-0.4689257639777367,0.600213610019425,0.11488213787382044,-0.01046582350232374,-0.2354406757815083,0.04951497712750402,0.5759706449491052,0.726604437864949,-0.371284357429634,0.3789740417029973,0.32927648430927015,-0.20441654732632197,0.834952393365764,0.06230090795966795,0.545954701740954,0.0301091568651433,0.15639920038240085,-0.04676970289270565,-0.4132555404040697,0.8480634865356079,-0.12914060091620133,0.49945013195992155,-0.12108093857122158,0.49366470594330675,0.46125367160235825,-0.33869732485292614,0.0504616879505318,-0.08989640429195922,0.9788633059383447,0.1766320549391149,0.48977011841665813,0.24505896807395344,-0.3965728300876991
0.5966749161771592,0.23517928522108955,-0.48448836328078443,0.5949292176834016,0.11234636050116094,-0.013393558807360696,-0.20779348734420142,0.057521567801742016,0.5758313854221528,0.7273726165519819,-0.3688340568477337,0.3804757888239843,0.32974411527438646,-0.2039342763248405,0.8505821643315461,0.06498780408891185,0.5210268199471315,0.028594054216630166,0.14396439614538198,-0.05020844972006689,-0.3868077262573669,0.8498676784422182,-0.13387494873100236,0.49664586919321285,-0.11465298886127752,0.49569442774731426,0.4596757017012728,-0.3400933978679197,0.05453376385228617,-0.08660899827986454,0.9781990568524234,0.1806974133464306,0.4881502690478114,0.24282391942005607,-0.396002490923048
0.5826473250105788,0.24892305823923988,-0.49951629264903563,0.590798509741692,0.10822004370807829,-0.016893198877212225,-0.17631345600604853,0.0660587662911181,0.5751527153075293,0.728241069173825,-0.36674315077317515,0.38306647596531845,0.33107878180190525,-0.20366996869862883,0.863877519968339,0.06859106966095692,0.4982275344276209,0.02793241117934492,0.13061609012923478,-0.054331306217645724,-0.35706956793641076,0.8518371351529226,-0.13935818164513783,0.4932288522265644,-0.10806521972535071,0.49871203770584666,0.458777718354094,-0.34171223185076394,0.0565047548496549,-0.0829470531631303,0.9785943548425318,0.17966660157431175,0.48664964017042284,0.23985361116162962,-0.3955643140453325
0.5740931636065961,0.2577166168504917,-0.5104146493901556,0.5860683156315751,0.1040923180471433,-0.020414304680219045,-0.14935239605467465,0.07305064737553424,0.5749103246252458,0.727789240204586,-0.3666940733087206,0.38508923084240326,0.3320421257691277,-0.20296403194945803,0.8734224581107376,0.06984334259095587,0.48125653557533915,0.02544138615605671,0.12069589694695589,-0.05741753552052401,-0.3311219429575984,0.8542141156254628,-0.1420767531693608,0.48937447547995383,-0.10317491760976089,0.500161686665638,0.4585063970287058,-0.3425329699210946,0.05807946294454607,-0.07823468348702795,0.9793376440155853,0.17721142541540733,0.4861111861099202,0.2369683652562979,-0.39509829394061885
0.5612170222025833,0.26741484693626966,-0.5229905629567813,0.5831000125932648,0.10243146805752487,-0.020853579572291343,-0.11869470177206229,0.08014314715913377,0.5764911390736656,0.7246011785018863,-0.36903682017741085,0.3887584065952991,0.3323153676753565,-0.20222238139315113,0.8841846007065134,0.07478707619985982,0.46037917192355,0.02599044374238488,0.11163103995998981,-0.05936995943877206,-0.3007077834163692,0.8576746055542982,-0.14112431600779501,0.4847636280421863,-0.09737773537101765,0.5023775011256297,0.456731749575998,-0.3446013384251151,0.06362694098203113,-0.07239715637030042,0.9794748740386012,0.17702891079659727,0.4868731457750336,0.2343831100879342,-0.39437496294004654
0.5530517196724402,0.272082920320735,-0.5330438108338986,0.579628308115444,0.09997746521344365,-0.020516653457411542,-0.08810467653378437,0.08734559166317597,0.5777773245371887,0.7222954421890678,-0.36990999589164514,0.39308561896332717,0.3330652591843178,-0.20217880637595295,0.8926860979207126,0.07736360141871791,0.44325550893057136,0.0255138699008596,0.10385606721683437,-0.05940114252158245,-0.2709174252017195,0.8607797595981677,-0.14190512698775803,0.4803074036838963,-0.0906969589740679,0.505847513293851,0.45585544849362336,-0.3469325864517258,0.06989069019598194,-0.06652798026426048,0.9790114340197777,0.1795158247186747,0.48827889390390544,0.2323063465138271,-0.3936120171336003
0.5473547684677964,0.2757734345361014,-0.5387239158425203,0.5780383315482016,0.09459494162245652,-0.019402682839440594,-0.06129107024325106,0.09674743288836092,0.5786271807970224,0.7203587465640416,-0.37001864293719716,0.3992609436667848,0.3363900701113812,-0.20161600260406393,0.8974564670545851,0.07914984571233821,0.4332064311089174,0.025285958781308668,0.09526292120594872,-0.05915851381018029,-0.2438973494717224,0.863721303962709,-0.14444673794584456,0.4756536389647231,-0.0829111857192927,0.5111089669335377,0.45668264329367186,-0.34909623006020196,0.07727397388329693,-0.06087811420701135,0.979141229573574,0.17777806591374398,0.4906423218781646,0.2311354764956292,-0.3925634930598772
0.5424204265702423,0.27649077237005554,-0.5423697041242728,0.578936989388064,0.09027892743188853,-0.017432951780843423,-0.04138450546434856,0.10383727090310922,0.5794999787030504,0.7192609525331153,-0.36886485061023944,0.4048252027245101,0.3395695828373613,-0.20163323353526683,0.8996092344190678,0.08329503590476449,0.4279149348510768,0.025572854220081716,0.08950756068309701,-0.058471226066394086,-0.2238862709378157,0.8655071253389036,-0.14705402195948075,0.4726483224152872,-0.07665568427156874,0.5166261027736527,0.4573465512491844,-0.3506972616209917,0.08462187634759927,-0.056671248059936175,0.9784941125793012,0.17937887092516402,0.49370410080750393,0.23025023761089652,-0.3911730750645174
0.5405825897520988,0.26878245150860425,-0.548005433753267,0.5789788441686211,0.0834919589232243,-0.014534831465034138,-0.020570631951532355,0.11103884170124764,0.5809650692401315,0.7185642699126399,-0.3658078101426612,0.4098657984690674,0.34397961026724283,-0.20197072819476505,0.9003192906334403,0.08352183636018795,0.4261713677299479,0.02876183393850897,0.08272258864603907,-0.056925689055833444,-0.20321344953405285,0.8663750667699445,-0.15107632340201327,0.47080394004426396,-0.07009877477889036,0.5223331647465492,0.45936471909734244,-0.35325594703684565,0.09181832857052816,-0.05216034550297397,0.9776223347141162,0.1819430228495874,0.4972318408472175,0.23029425863838152,-0.3899670666370723
0.5360724450990757,0.2627514030676763,-0.5518698521048592,0.5822608523069597,0.08003118543925734,-0.010059857422625575,-0.004484477404702478,0.11624253701739103,0.5830618056165491,0.718695670442838,-0.36055947734825883,0.4137165323811312,0.3487651180490126,-0.20498247554839077,0.9006464600809918,0.08703246970160465,0.4243228395368279,0.0348056174865665,0.07852167732724105,-0.05488738504746675,-0.18659078639664206,0.8657732690494371,-0.15445192336903826,0.4718091652019717,-0.06306632697783002,0.527583182215845,0.4612538054439349,-0.35672910333491464,0.09554527813490496,-0.04718461103164394,0.9770961614979421,0.18419501484541773,0.49925593741125884,0.23068898945654306,-0.38863680022382413
0.533911452510357,0.2609015819150824,-0.551991911993802,0.584956284286198,0.07482319347284247,-0.0062278736746207985,0.012957052997348726,0.12232584006819495,0.5841396880925726,0.7188717739632452,-0.35642753295117274,0.4195491215683953,0.3532846445872603,-0.20600636058016222,0.9002586018780604,0.09076325347559107,0.42423811007017537,0.03631125895877814,0.07358016215371822,-0.05244333271465181,-0.1689103172995439,0.8660340625865027,-0.1580552300722089,0.47095953989940204,-0.05657436225431201,0.5347607321813462,0.46330525047297105,-0.3594868866443345,0.10135598985405501,-0.04288357948836603,0.9762953870914121,0.18637403004442335,0.5026299839239791,0.23123055111686389,-0.3877148124138389
0.5360968006757583,0.2609883482928548,-0.5487013577052854,0.5860137561635909,0.06758067916887202,-0.005518654856502008,0.02765387531472267,0.1290386697622232,0.583569527451585,0.7190148670114784,-0.35470163426800794,0.42503385041008074,0.3568809123766772,-0.20551934056013088,0.8987821237763642,0.09293277008154914,0.4270174504861898,0.03478923979181935,0.06795086265825181,-0.05133481828072891,-0.15397457168899834,0.8671762450460552,-0.16232929860804088,0.4679624723841926,-0.05163025548377052,0.5405686288382443,0.4652779924221149,-0.36018343095548133,0.10611096027201276,-0.039393092248433695,0.9751765338204689,0.1903138888235792,0.505040855594686,0.23226520219675356,-0.3866206386449514
0.5416403996541935,0.255220226379392,-0.5439324455197924,0.5878994881951808,0.0565969401759502,-0.005747438365091418,0.04320548359356652,0.1385882793705027,0.5832316759952217,0.7189217106886163,-0.3518318843389292,0.4307637526342225,0.3627813313257887,-0.20440045757753472,0.89502067386019,0.09360481978393764,0.4350343557823646,0.030351941702157662,0.06022406166007927,-0.050170890031984924,-0.13876963436670126,0.8684025757280084,-0.1675088279523659,0.4645918061797834,-0.0444096009618658,0.545597839819299,0.46841478559468896,-0.3608336893225494,0.11280982279426296,-0.03567724857444862,0.9737506656022983,0.19444978543152314,0.5068922145203686,0.2341106073592321,-0.38499332132737374
0.5417266332886621,0.2545666780186083,-0.5395466723243701,0.5921295885294033,0.052118257775018315,-0.003576230668408544,0.052247046114204984,0.14436475327497972,0.5837170275720366,0.7183704201531128,-0.3498245119818804,0.4344919989891373,0.367043698142215,-0.20471900210900784,0.8929572971361843,0.09687737218354821,0.4386675367359709,0.028510216836186035,0.057144805459946546,-0.0483199725225231,-0.12994787758532902,0.8692903685408743,-0.16979339719867625,0.46263308626498056,-0.03840683432336936,0.5495901726371171,0.4705718776078409,-0.36263082564506444,0.11836406987929066,-0.032449866682434915,0.9727139876893077,0.1968868996847369,0.5083029745344841,0.2356640117715869,-0.3841105689344885
0.5429215645248638,0.24918366327265132,-0.5379484929522886,0.5947731463862989,0.04916106405677966,-9.217239705620343E-4,0.057868755987498785,0.15006103493670825,0.5844629120762939,0.7163109593244864,-0.35040462290423136,0.4385845674613672,0.37040016909931556,-0.20455697629332445,0.8908589040966021,0.09821956738332276,0.44253541048332073,0.029761385102057832,0.05548990026384317,-0.04613330784185628,-0.12401535926103026,0.871171587639154,-0.17025310070689298,0.45926711587306057,-0.03387717325286989,0.5525539995078337,0.4724507408039606,-0.3643480415513795,0.12203530359887718,-0.02809649192980708,0.971703364463189,0.20027616759786332,0.5094834359442203,0.23714403454456856,-0.3831995057758737
0.5367548129063382,0.23910270726051547,-0.5343613100152036,0.6076036179627389,0.04205085493488002,0.005231193743148047,0.0618651943809589,0.15525512649809692,0.5858507763418767,0.7133580297507837,-0.3518451860488651,0.44207993835148846,0.374248036043368,-0.20452008615719366,0.8849433662707834,0.10780458779955683,0.4516925014775122,0.035032748274854385,0.051718416653924064,-0.04419107896898449,-0.11831977710405454,0.873132544065063,-0.16880647024198875,0.4563904967904285,-0.029183052244365376,0.5547112286140272,0.47477206687999024,-0.3659494972586879,0.1268951801471678,-0.022922981244569793,0.9715145026139541,0.19882585696292185,0.5117871495708611,0.23856173635636035,-0.3825905408974515
0.5422219574853904,0.2388134300309398,-0.5316904649773577,0.605201407722859,0.039155948237212884,0.0032646941967101185,0.06292347570881278,0.15714620937806245,0.5862189017521074,0.7125750775450406,-0.3519790149544979,0.445677157900103,0.3767842110609799,-0.20517291145122904,0.8802251181042182,0.10295358355883803,0.46225739037930746,0.030371139763288504,0.04840071280816003,-0.04369056674636489,-0.11735767131215133,0.873751256438004,-0.1696037567934252,0.4550518041716207,-0.026854479602461057,0.5580953413634606,0.476824443346723,-0.3672270207905578,0.12620966306811032,-0.01987045471512239,0.9717181213156948,0.19859551526745314,0.5141669821711663,0.23981382875160137,-0.38278467109296543
0.5405179235860659,0.23138266118932382,-0.5287348367983882,0.6121616704261518,0.03292734842190184,0.005754175118216516,0.06054435190907699,0.1587629682210472,0.586454447572694,0.713134313174632,-0.34972124930692255,0.44861422567429865,0.37988904416270836,-0.2062053859344587,0.8734736911999162,0.11209739443449936,0.47263565108261674,0.03306699666284236,0.0464430568399392,-0.043812933083560206,-0.11835856030711796,0.8732602998282099,-0.17160496363427102,0.4553593525687603,-0.024820258423014527,0.561786492426208,0.47867806951189007,-0.36832972183806423,0.12330465789341022,-0.01760952478150716,0.9721824063225583,0.1983613743036657,0.5165653359503134,0.24089302645281543,-0.38303113187806753