0.5986111733939385,-0.5813382873053087,0.4829322164674933,0.26549375340797843,0.41128494182458153,-0.23219815176452485,-0.3993769334218485,0.6269425977386018,-0.18698732684351477,0.7550062953639874,-0.04409322738740712,0.8993519830713637,0.6320233970113538,-0.2589087510149533,0.06936463504067857,-0.02000208564981702,0.9900988469211063,0.12038578529389121,0.48747238040418556,0.23846036697945402,-0.4492381691708895
0.6006933220169572,-0.5776094911649955,0.48701134917128597,0.2614474218245624,0.41726423557769826,-0.23376910325778674,-0.39996977809067225,0.6284774834406378,-0.18773419148495216,0.7533754216113654,-0.04687643616478829,0.8942822938468545,0.63506504140109,-0.2557772474461528,0.0696829525262392,-0.019898288758948626,0.9905607336704461,0.11635195375222139,0.4853486703880321,0.2365291601817618,-0.4492569374154858
0.6012693464475539,-0.5752683409288516,0.49201463331963213,0.25585759622658477,0.4265983363544903,-0.23989918934630972,-0.4019899326816153,0.6311565640042742,-0.19002472272492982,0.7500956584992988,-0.05374476316940571,0.8842226535472211,0.6411917895631459,-0.2495025452131155,0.0693213155517414,-0.019522214910996812,0.9917120193302271,0.10639882072235532,0.48070112470083964,0.23228141541631553,-0.44936734619914326
0.6014072753644293,-0.5736336228309324,0.4958232973634931,0.2518194068934845,0.4315698011262942,-0.24279060649169765,-0.4031458425524031,0.6323647173694502,-0.18961520005611893,0.748761010584218,-0.05931179615248586,0.8776685225915122,0.6450486895058619,-0.24588338655202774,0.06854206436238997,-0.019537410479951778,0.9923624390643865,0.10068299031545291,0.4784695684217174,0.22991055859600845,-0.449407936821705
0.6024183801070597,-0.5706976451199391,0.5033653131281428,0.24087269397577832,0.44370930486956983,-0.24782576864770522,-0.4053034981823747,0.6342959016689053,-0.19108960233611544,0.745740821745067,-0.07088088450384833,0.8653700157759695,0.6528537504808971,-0.23960978415441778,0.06632294556410795,-0.01929825760474078,0.9936089471012843,0.0892754411100752,0.473887747285679,0.22483291977858527,-0.4496594030706011
0.6029897389172101,-0.568591911666009,0.5080401416436046,0.2345246836204977,0.45045053037445093,-0.25027375265437407,-0.405831549478795,0.6370663453086488,-0.19124279337920638,0.7426460960669525,-0.07777815665155804,0.8576264708287379,0.6568371017604079,-0.23746126660211944,0.0650875967708705,-0.018998327118051786,0.9942197771691765,0.08324483767166013,0.47139384932853706,0.22229372557752128,-0.4500187627382336
0.6049896697201904,-0.5620860528779593,0.5186926288636335,0.221370109668093,0.46578735456274795,-0.2544094836315413,-0.4064077338133969,0.6421704658087123,-0.190822822693433,0.7371835469164666,-0.08811447859455175,0.8421814208622068,0.6639410116186802,-0.2321515557702831,0.06213127897371413,-0.018260388226359593,0.9955795743327406,0.06802627114837448,0.46678652043303537,0.2167828846191401,-0.4502806155545116
0.6054073371019953,-0.5581257228868162,0.5254918722935951,0.2140932642296621,0.47424736730103273,-0.2562595073594185,-0.4056436629367469,0.6451260554293725,-0.1901284592638905,0.7341112506268298,-0.09351049827259625,0.8335254496490383,0.6678240588413832,-0.2295635730651863,0.060842805642164335,-0.0178170413770133,0.996154032104239,0.06048016501818031,0.464815696725017,0.21389860350146048,-0.45044718077673906
0.6054842791701629,-0.5543243822813881,0.5323145234286546,0.20677164949061644,0.48235920067802834,-0.25799028043338207,-0.4050937384394159,0.6488925455451657,-0.18791475576019162,0.7303861945180233,-0.10080930394057272,0.8240603667065455,0.672078504660654,-0.2273133940006073,0.059674306679414764,-0.0173007875718307,0.9966220627000175,0.05370404092140528,0.46276192213459544,0.21105067264597993,-0.4503998229057974
0.6058663294934977,-0.5480739541785948,0.5438198466835054,0.19183562205764837,0.49872030862626976,-0.2617537192249123,-0.4047878349266735,0.6540683401386672,-0.18278537811903867,0.7250566916891742,-0.11435429948575905,0.8064069268364422,0.6813601675339899,-0.2213128081563096,0.0582550271689133,-0.016430599396635957,0.9973712408152211,0.03983710842571915,0.45863568309293534,0.20519554808566495,-0.45057662572600543
0.6052976710990186,-0.5449989845506534,0.5527387896105697,0.1762687342120076,0.5150175797016311,-0.26599056461576487,-0.4056075440973079,0.6582564125259104,-0.17476029678584493,0.7203383547550597,-0.1314153290321021,0.7847639915030026,0.6909012588065118,-0.21374931379929843,0.056369299746037355,-0.016006257881619086,0.9980419639074648,0.02187555792429495,0.454755299536911,0.19851286729250972,-0.4505794003898815
0.604817275093555,-0.5440389266628661,0.5566208883546492,0.1684959841396969,0.522823685409524,-0.2681917009632662,-0.40593886065705176,0.6600395089575875,-0.17213750121191493,0.717670690819046,-0.1402330447179206,0.7733415839598715,0.6953035465805373,-0.21030554759158823,0.05495339771404888,-0.01572175044463301,0.9982824509717436,0.012849074849444253,0.452951875483962,0.195106472146865,-0.45052632120754244
0.6044579996205628,-0.5438546347045388,0.559342464173168,0.16121002071145746,0.5301655133239251,-0.27049713671945835,-0.406833083103797,0.6624596187063995,-0.16930328618003604,0.7142851194332906,-0.14926626888946518,0.7614422370957721,0.6995070661784446,-0.20701060998382956,0.05273831927537089,-0.015319925741227015,0.9984860838776042,0.0030838057750228877,0.4511845142265468,0.19187355789509436,-0.4505172975436452
0.6039902733886353,-0.543812091326653,0.5619987456886004,0.15369309946543974,0.5385930057830323,-0.27235643788099717,-0.4074327213129692,0.6649258723859666,-0.1659700368249284,0.7108608086472068,-0.15812792870815837,0.7490473954106365,0.7041265391211841,-0.20342623034068888,0.049873934815300364,-0.01506784686900196,0.998609595646505,-0.008026587039043964,0.44945588253776186,0.18823152221939368,-0.45036943638850485
0.6058693343979705,-0.5397696105677032,0.5680054745837623,0.13762593500727033,0.5559981909823186,-0.2749454494988858,-0.40854918103278015,0.6728863490475179,-0.15914290847810197,0.7010247426646247,-0.17453310894678203,0.7228933126866524,0.7116990801671819,-0.19866150670672494,0.04191116245428725,-0.014945449278295782,0.9985331266644382,-0.03084935917229463,0.4460395575165091,0.18067943336485817,-0.45007124586466213
0.6100135889978688,-0.5345509378756954,0.5706345271291363,0.12851051514277156,0.5671768541413283,-0.27418296163522804,-0.4090611049126428,0.6775502933400223,-0.15610491996356893,0.6951855538580666,-0.182411347413122,0.708671371780203,0.7150887330003175,-0.19673112310548843,0.03745479401663307,-0.015052681937428852,0.9983143251869906,-0.041702077863168194,0.44445995941382954,0.17692248986997675,-0.44974540100551674
0.615069889210605,-0.5240215631502111,0.5783489827409263,0.11226258015295655,0.5876301969814068,-0.27279013114539236,-0.4077265999524143,0.6828709363250723,-0.14844383248974902,0.6865407846472964,-0.20078213051501642,0.6776499453386614,0.7202419298936075,-0.18965665353473168,0.031629868636866426,-0.01602900124479647,0.9973346547872699,-0.06376683220504346,0.441333701399957,0.16950587449576962,-0.4488837547300716
0.6171678280649471,-0.518932716539909,0.5820657483942093,0.10493889770907402,0.5976685612502147,-0.2722867322617112,-0.4068887056683128,0.6848262999406642,-0.14496842275496635,0.6823938360311529,-0.2105605562782468,0.6629845782150243,0.7235771824748456,-0.18598187613241135,0.030355559347046587,-0.016751632698150012,0.9965629900276863,-0.07523383365050328,0.44020592220428123,0.1658267128882075,-0.448307632288033
0.6190999937782072,-0.5145694420556293,0.5851338022526172,0.09773392690246868,0.6078513395802935,-0.27207457574444677,-0.4063488211179998,0.6862998833561056,-0.1404186682259733,0.6779714781550636,-0.22277733845092496,0.6467547805778555,0.7266851937439656,-0.18182203515854686,0.03027884052631811,-0.017337918290550907,0.9957295186356115,-0.0854711303506945,0.43909755134579215,0.16207904378285284,-0.4474359309179722
0.6255409879991379,-0.5049256655574272,0.5885982135681033,0.08544406110952933,0.6281613194796316,-0.27092378968662606,-0.4061316400815755,0.6916621488568944,-0.12465844466136793,0.6672127561412672,-0.24676077900599563,0.6122358275785296,0.7319700370785445,-0.17328087598164651,0.03430150990940578,-0.018583197760497126,0.9939612693355758,-0.10256249918825092,0.43684324135069946,0.1546115818966497,-0.4449575256001443
0.6278866435000823,-0.499772245520815,0.5916096604921524,0.07735680405525411,0.6391389083335866,-0.26954761703272345,-0.4047997584854152,0.6949064459280963,-0.11509689599151696,0.6617654395475333,-0.2567571595129527,0.5946214914530474,0.7344198407480595,-0.16873632186330367,0.03494020224094917,-0.018910147559451466,0.9927696048139287,-0.113270032860582,0.43567659759565036,0.15086680780904407,-0.4439581124527916
0.6353187368065996,-0.488637220234572,0.5947779324454568,0.06199177961475624,0.6600392504037972,-0.26605046116906467,-0.4045499887990246,0.7023766552886983,-0.09793682317827093,0.6490057249259404,-0.27543961549596246,0.5577416926516907,0.736923301143741,-0.16103531987392472,0.039900050654964166,-0.020662572616972786,0.9888758939373791,-0.1417939012797422,0.43476100146809926,0.14302442822789155,-0.4413657393348345
0.640343035019689,-0.48268357093489406,0.5950373189296343,0.05392547572664533,0.6711128968692571,-0.26349730965976903,-0.4050511058831893,0.7064527152138425,-0.08911299664209194,0.6415263791900431,-0.285354761305588,0.5389397715554164,0.7374843031207796,-0.15784980513760674,0.04206320514687088,-0.021980467614195587,0.986383139515542,-0.15746697398405873,0.4345778995723091,0.13886813789055863,-0.4401265795153595
0.6453581588040084,-0.47682890679895495,0.5950844873674563,0.044961020902838676,0.6823275019293749,-0.2604615162953626,-0.4056589041260076,0.7107981523440695,-0.07990555618151025,0.6337013692132456,-0.29462461433634196,0.5196201154360128,0.7376304394772126,-0.15458255596972398,0.04382138874610496,-0.023572986582349173,0.9841711320562374,-0.17009169003539004,0.43429187927236873,0.1347864807974669,-0.4390173303624432
0.6549837613564468,-0.4645789541269109,0.5954512730723844,0.02450406370754301,0.7057181622817544,-0.25286152453006383,-0.40605741949962315,0.7192546662060061,-0.055313775789542406,0.6186469892668979,-0.31127000179875,0.47934109998934993,0.7363628622512938,-0.14659459379776557,0.04960200095604769,-0.024760050846349656,0.9795206617487779,-0.19356098416385104,0.43396884492262994,0.12682334479535862,-0.43674837764551194
0.6589260407101142,-0.45849669252226616,0.5961179348922927,0.015513333619301198,0.716357235191009,-0.24968228681653132,-0.4060876712198729,0.7221975935043077,-0.04409676634170043,0.6115826155833723,-0.32008251350392963,0.459277464138862,0.7367303884583234,-0.14238480433188858,0.05206495030082482,-0.025242496935733754,0.9768573949427724,-0.20591669977018015,0.43380220290189153,0.12306870123741984,-0.4356509852945215
0.6676509172837611,-0.44238104420812097,0.5987786627648036,-0.0023189206709647303,0.7398021678619997,-0.23956091190996076,-0.4041107428140364,0.7273183566787228,-0.023080262816414107,0.597078184748876,-0.33759880154330324,0.41844123395628957,0.730444736270753,-0.13287701495507578,0.055058707753150075,-0.026323799425874327,0.9711285076509045,-0.23061877181198145,0.4348224572514074,0.11707293300735663,-0.4334637182381355
0.6710866190537889,-0.43427300947134284,0.6007846224881618,-0.01037016650854071,0.7507904122120782,-0.23508387738303843,-0.4026545505756193,0.727948923585464,-0.018254455198233103,0.5903973434646539,-0.3481208358401712,0.3983398575465774,0.72554464475822,-0.12808256831710946,0.055153490417217524,-0.025700382329678154,0.9684478671312241,-0.2416739776887222,0.435445417851792,0.11411207590848307,-0.4322890690735684
0.6747510703251773,-0.4255429912915228,0.6027389287716245,-0.018164234113368805,0.7621569089499921,-0.23024855512725623,-0.40101431149995925,0.7265837244693827,-0.014806767560647832,0.5845425214636657,-0.3607864902840807,0.37854633978389146,0.720470696211497,-0.12229472483263122,0.052422374590901204,-0.025217897158471423,0.9659722149895491,-0.25201911073039723,0.43588080651232997,0.111240403995462,-0.4310248949589316
0.6853379805985512,-0.40272144683935784,0.6058463420239383,-0.03282527168093498,0.7853703954140091,-0.2163649467050143,-0.39807852304400837,0.7218100911566011,-0.008255246388286008,0.5731744620732143,-0.3878054657152852,0.3385674427225309,0.7081793002786251,-0.10886098926746361,0.0524659886381066,-0.025500632042874574,0.959754503972173,-0.2747149976007282,0.43665406849741945,0.10543709901840935,-0.4289375996329015
0.6902348887136234,-0.39221835314151193,0.6067040529492903,-0.040629472016714185,0.7965910127848815,-0.20992765005426692,-0.397160537361107,0.7201865293873516,-0.0030166519561111516,0.566931981187022,-0.3998879735717683,0.31861687949276085,0.7014958497628075,-0.10266557530348039,0.054348192420265326,-0.025335630765378862,0.9563447743749507,-0.28602281783119127,0.4372626775649131,0.10263242292841995,-0.42799112172821896
0.7065795786775879,-0.3552206901892653,0.6083240295371626,-0.06712253976820237,0.8308884282906038,-0.18285875942919322,-0.3942179924438985,0.7237123186117025,0.029794556937873348,0.54397330331039,-0.423610445518205,0.2588104598889388,0.6801477168308648,-0.0888971928928341,0.06120026926463801,-0.023010444118825787,0.9450136940396477,-0.320428095804549,0.43948168718410024,0.09379814793810586,-0.42518047939437026
0.7106566929511972,-0.34490931875789677,0.6084331160772745,-0.07624808101276706,0.8412706642307313,-0.1749748657324876,-0.3933725980652118,0.7262537049510267,0.04595993761174299,0.5362151863599568,-0.42768740231223634,0.23898710035143853,0.6726513736718671,-0.08484264949843202,0.06195335370429969,-0.022484255202259214,0.940649172124762,-0.3329194725662491,0.4405399393768604,0.09081382794551775,-0.42424197656197005
0.7177060235243833,-0.32808194914435135,0.6062188912576666,-0.09878741987108558,0.8616426078521929,-0.15672983341871816,-0.3923158550560448,0.7315534728101448,0.08133259800980579,0.5224714613108247,-0.4303929565363767,0.20169407913698512,0.6542206378976917,-0.07676577498903531,0.06278255320415593,-0.023025175602460625,0.9308013795072348,-0.3593563471111535,0.44263957982978175,0.08563169851226038,-0.4227068675574083
0.7208276855875191,-0.3199997202029485,0.6049042685684572,-0.10999296626709862,0.8714346239441408,-0.14735304990047157,-0.39169820981811104,0.7336057776169475,0.09282760685700184,0.5146462290284416,-0.4339871627122633,0.1837345484389201,0.6435983501010075,-0.07320794228673155,0.061431979364114264,-0.02334654389765859,0.9256152613833863,-0.37271629786421606,0.4435297289591762,0.08333614675004036,-0.4219926738522646
0.7269397122914569,-0.3022237919440155,0.602750636859538,-0.1300427008409764,0.8897813750666392,-0.12797280187711138,-0.39007687087569165,0.7348245768821009,0.10414889232936941,0.49905762719144653,-0.44735593678708435,0.15073121693964717,0.6185936089130353,-0.06488657267197184,0.05835095785947333,-0.023420895966547495,0.9153101716704685,-0.39781140881777644,0.4460550396009792,0.07918521449161461,-0.4207227627689763
0.7301203780782989,-0.2921285835528258,0.6020640244058126,-0.1382173458814003,0.8983901211406107,-0.11696915742792563,-0.38950191394408257,0.7339360435785045,0.1066145178449385,0.49150075408833327,-0.45650655773123655,0.13523156138124923,0.6050027672605748,-0.06081577622047338,0.05684399573677936,-0.022545651012552858,0.9103922025714944,-0.4092022620491242,0.4474268307088848,0.07738320460565588,-0.42024531903646545
0.7330047908191877,-0.282091449048189,0.6013001635068688,-0.14685538592991754,0.9070459443686828,-0.10725659438643742,-0.3885245500596374,0.7326878786348271,0.11007836732917983,0.4834722804761823,-0.4661606799794455,0.12061658527523232,0.5904433110392634,-0.056347056681513394,0.056049551199637594,-0.021779160817216058,0.9052928464874502,-0.4205103780682074,0.4488962469922612,0.07540362257454043,-0.4196267991044555
0.7389908139863366,-0.2579039810566065,0.6009010295610775,-0.16216061812722044,0.9230425238190484,-0.08449534566680625,-0.385913406219755,0.730660476946955,0.12310385909034118,0.46761631580905083,-0.48199137802857406,0.09166405648362498,0.5637048042807464,-0.047106859878018784,0.0559524097244095,-0.019492034830652316,0.8941496715087991,-0.44383077108837266,0.45144920384745546,0.07144585704426905,-0.41850252827016066
0.744050904807513,-0.2279628293225115,0.6015873834528231,-0.1803158882982385,0.936948456034626,-0.05694832308181417,-0.3816563137409652,0.731783085678852,0.1457745297132107,0.448299820415232,-0.49220988715882263,0.06355187269383857,0.5369183126313337,-0.0413948147848709,0.06357647240018383,-0.016137439729475095,0.8819666133689116,-0.46672530261246725,0.45453609433744674,0.06800460789348613,-0.4171606356356824
0.7458171310685324,-0.21422575575252523,0.6014566697370824,-0.19003685696659237,0.9432251521657107,-0.04361390735903441,-0.3791089880225366,0.7316877545637386,0.16055304146444502,0.4400900759826102,-0.4951529821374509,0.05014417803866908,0.5234282846196348,-0.038251568026171835,0.06580902558760442,-0.01392929559502937,0.8754147803230758,-0.4786691020604291,0.4562438461763067,0.06634172644741572,-0.41663789816589236
0.7469135269883014,-0.20145083478170628,0.6013042436768652,-0.19992736406966105,0.9492560633715443,-0.030413660427372535,-0.3766424066346422,0.7309226084832672,0.17595113785897332,0.4327683241400962,-0.4974986584053488,0.03705218701913934,0.5091383939294915,-0.034846540215481975,0.06780522172088786,-0.012802757678225737,0.8688994839219312,-0.4901553102266828,0.4578197220695147,0.0647283082684044,-0.41621319084531416
0.7492954232916662,-0.17875357256364433,0.599125126482429,-0.2182947817683928,0.9598632012931878,-0.005547625504675212,-0.3726300369418393,0.7293911722746744,0.20380970890385863,0.41592667804192884,-0.5034432627986063,0.013666060489469577,0.4798508115548118,-0.029089082680355392,0.06954758433886159,-0.009105737460283227,0.8566716224963256,-0.5110713749247227,0.4607543912955229,0.061447211517247684,-0.41566585596293204
0.7522029242796079,-0.15807912155383225,0.5950436301629147,-0.23478677611082646,0.9693478399301039,0.01874954655655698,-0.37035257687738465,0.7263204319033933,0.22333677835691249,0.39970903577452144,-0.5126519290444793,-0.003936788349391757,0.44708834129828373,-0.0242962076002681,0.0679045930862219,-0.008287139063565426,0.8468585273990401,-0.527400155608116,0.4634944173622145,0.0590564085088735,-0.4154775195615667
0.7537779353738772,-0.14781140167192675,0.5925163320261071,-0.24268294122497208,0.9730919480932658,0.031192874463149896,-0.36947199864452346,0.7230888029345632,0.23223863248495913,0.3925299060742528,-0.5187755521316658,-0.0124709112664642,0.43109454856805696,-0.020678843402122987,0.06663786525199457,-0.006161874149467034,0.8403796028154668,-0.5378508616645896,0.4648509524768849,0.057852083889426156,-0.4155616425286294
0.7555441503467067,-0.13788777624302218,0.589565552310914,-0.2501048931307705,0.9766198854973562,0.043175389527300934,-0.36892153004519057,0.7185728912431972,0.2411345541147788,0.3859262543530477,-0.5258973787568122,-0.020547930610245246,0.41449938210036247,-0.01630498931713836,0.06553151708382646,-0.005883110290320055,0.8337826746005153,-0.5481582443218523,0.46624346571489994,0.056435482254636155,-0.4155087202986634
0.7580414747656806,-0.12728094524534816,0.585895837925835,-0.25670751958933075,0.9796918570866276,0.05540073164088817,-0.3690415908882369,0.7135503686804485,0.2492373256353691,0.37895491333823483,-0.5339661042827868,-0.028073198082007405,0.39823469907163866,-0.011806293299814193,0.0641707259637961,-0.006130708370572616,0.8274629213051206,-0.5578078936420228,0.4674757965823597,0.05517424775693705,-0.4155372267427098
0.7620201579549121,-0.10508613190376048,0.5794128180783139,-0.26937514732881973,0.9846582443391296,0.07964496874008954,-0.36864675165956995,0.7032425435423129,0.2625055247459832,0.3642446258377229,-0.5512409881152811,-0.04104467541733792,0.3656799516772166,-0.0028256214340690606,0.06130157202275253,-0.00619650011682869,0.8152421452721914,-0.5758332790190549,0.47031550719850546,0.05307129353614935,-0.4155854180166888
0.7616941234184338,-0.08342162313861626,0.5773111993690297,-0.282089833609499,0.9871464645118962,0.10214468045518536,-0.36544734738648815,0.6916289386639348,0.27526691705421197,0.3486454504216314,-0.5694944121572804,-0.05193434445367125,0.3333960293430872,0.006077172342269215,0.06182664728457796,-0.004958711346454207,0.8031951458615105,-0.5924782143942828,0.4728585483840564,0.05156181556948799,-0.4155816852139557
0.761591976761527,-0.07129271296522192,0.5759919290200554,-0.28831980111377,0.9876676817179274,0.11373901848129551,-0.3641474609214201,0.686845325624845,0.28186136801973005,0.3389145656280632,-0.5778707338933925,-0.0569486433619187,0.31698561025925653,0.009072250452709821,0.06275120406110272,-0.003724922473437621,0.7983882979130807,-0.598852683969023,0.47399888591006434,0.05097047563407657,-0.415554118856847
0.7614521007507185,-0.05915810577544736,0.5743224981317907,-0.294694222751377,0.9878153566505978,0.12520180980965087,-0.36303872214381316,0.6821810002296863,0.28862567270749717,0.3293123966400533,-0.5855575543009874,-0.061317224653835406,0.30090633639922554,0.011711775759065665,0.06334124497329742,-0.0015714246582837247,0.7943231971416174,-0.6041821544803319,0.47516338185413665,0.050459654494996835,-0.41574958931236045
0.7611497576332098,-0.047611366556105,0.5725910949511073,-0.3008714712501978,0.9875223709715663,0.13616133984946363,-0.3619414260077442,0.6766803689705819,0.2963631326868666,0.3209688510041571,-0.592664802834566,-0.06522550218721372,0.28453834849852483,0.014873650458794158,0.0642954801622268,3.390475030421794E-4,0.7912530502570387,-0.6080991586381547,0.4759495557559999,0.05027030944448678,-0.4157420970700589
0.7638959284684567,-0.021271799878653946,0.5629253087244528,-0.31484221095132214,0.9860036826254932,0.16394059621871637,-0.3631828514740689,0.6604729966662569,0.31877508238975405,0.2974472573999862,-0.611296161109594,-0.0716901746181253,0.23569753195450222,0.02317527862652135,0.06289495520823153,0.003039679541356321,0.7756380943857621,-0.6280290849118885,0.4778841584023251,0.04934088888908676,-0.415812448001996
0.7652882653641223,-0.012722783414599835,0.5585577045022401,-0.31966434336557814,0.9856825343506767,0.17323508576629487,-0.36411624151403976,0.6543410335518447,0.3239751692988438,0.28894485291783634,-0.6191839576897799,-0.07289993725868524,0.2197870711734403,0.02694518020693686,0.062186337995718204,0.0034455742641445537,0.7712356234809771,-0.633495540993448,0.47832294768607625,0.04932139995534192,-0.41587528629500814
0.7697619989853719,-0.008383047100107434,0.5504615987571027,-0.3230916553133742,0.9845468721159648,0.18080278869616362,-0.367891411010937,0.6475470755925808,0.32822891536263527,0.2807347643276021,-0.627802959621321,-0.07394546194239575,0.20410840514779865,0.030581856670822985,0.061557598092032116,0.005152818327620967,0.7675503560792716,-0.6380051421916645,0.4786683418807374,0.0495972511285777,-0.4164344396925451
0.7773406618957222,0.003913948295073404,0.5352020652529794,-0.33058270632507303,0.9819773372689372,0.19702952000829027,-0.37445788010261005,0.6326781306413045,0.33615580891898617,0.2659170871108607,-0.6449850834869918,-0.0745736989948462,0.17439785150413412,0.03944764342745057,0.06357351329157049,0.009276411393013535,0.764853811428863,-0.6409922025595751,0.47915634094397463,0.04990485718322404,-0.41729994375747664
0.7837045431494188,0.01764986790238903,0.5237743759271553,-0.3334007713430005,0.9792343236956985,0.2115112598631203,-0.3806366234181963,0.6229066691314389,0.3468029075632305,0.2475889625166562,-0.6560600052565246,-0.07586332099364496,0.14736361057673908,0.04351426741314675,0.061441956748083365,0.011981327641388964,0.7574314172550801,-0.6499069024820996,0.47998992513649547,0.05033498131412304,-0.41904578423552463
0.7850697953139397,0.02139880455241796,0.5214560398432176,-0.3336032166518856,0.9777993422870916,0.21676972822400192,-0.3825120680132603,0.6206400532956661,0.35364241409202724,0.2379962838841378,-0.6581038945771837,-0.07643531551648908,0.13532371286757153,0.04314809325948653,0.059886124443091625,0.01276510897860959,0.7539402936107984,-0.6540831275625553,0.48080301014051124,0.049993523584123165,-0.419364425360915
0.7851788798991212,0.020594171177808304,0.5217951420421008,-0.3328660938202095,0.9789126188096053,0.21974182589021232,-0.3832540985704318,0.6208815270932403,0.36148946882187927,0.23041133354578577,-0.6563094625395052,-0.07677250346323779,0.12478245688866998,0.040022544856885105,0.05763011810051996,0.012488319394196316,0.7508748716047162,-0.6578067638440862,0.4816516798989907,0.049684716501931264,-0.4202231983895927
0.778921046029434,0.020110209821752857,0.5292198223811792,-0.33586301242049643,0.9796679966260937,0.22494693382076744,-0.3791467388788943,0.6147454665568282,0.37312761061048555,0.22291985281142462,-0.658156924122561,-0.0762476613097919,0.10401676903303014,0.040252191870865366,0.051501112333377064,0.009037872880580505,0.7433161340417637,-0.6668936025749732,0.4840556170575899,0.04876893561277579,-0.4214565792618783
0.7778898888547892,0.025266571809104237,0.5289084951544347,-0.3383854679503399,0.9784433854190109,0.23056121132544732,-0.37900623535845385,0.6072188481860488,0.37630668679593127,0.22384062608059474,-0.6630037119022221,-0.07572338272242811,0.09513174176429161,0.044358817881639256,0.04839534266667344,0.006891237833541244,0.7378164951961315,-0.6732289514465296,0.48534886439227276,0.04822026732418804,-0.4222147684309737
0.7767845272217032,0.048133453478287555,0.5240975869619419,-0.3458477819299674,0.9711234301890677,0.24656884412452543,-0.3816719151706699,0.5915913390221152,0.3762668270295741,0.22566472991452993,-0.6764010586506495,-0.07369305929101667,0.08051098893021963,0.05476249562120772,0.04328641376534866,0.003298597336055347,0.7281236596712294,-0.6840696907961391,0.48763632936363804,0.047034797124859404,-0.422825530636273
0.778304574164632,0.04919867411340855,0.5200763910539637,-0.3483418260389906,0.9703942190575213,0.25068444497937026,-0.3841949617075437,0.5898804028033572,0.3753517503164813,0.22135591074552993,-0.6798188984581996,-0.07378949371290013,0.07449747240707746,0.05552692341990943,0.04208698924227443,0.0023317982973017105,0.7241647955080308,-0.6883375603583123,0.4889633346551582,0.04636241981804641,-0.4230301326915624
0.7828347766382322,0.046318140887670514,0.5103147412888039,-0.35299179471174713,0.9717484761847152,0.25839955957532573,-0.38960128297430957,0.5900285320083984,0.3773750151786408,0.2106661134599165,-0.6819635019373314,-0.07397974418293107,0.06609368366141849,0.05273269579101301,0.04091991981932848,0.0015842772451356846,0.7165252073666786,-0.6963581531336648,0.4907414300288941,0.04508339947499851,-0.42326141930864447
0.7852149379750015,0.04054689883623856,0.49876102208875905,-0.3647340031045293,0.9724271499428088,0.26592017383864486,-0.39223226769129577,0.588391285480134,0.3896893069822672,0.20383090040977062,-0.6785211148025228,-0.07868958781993708,0.060536163673405224,0.049705137479936885,0.04152517272040007,0.001140707131620608,0.7086055624036035,-0.7043809450492351,0.492560631872145,0.04392348013429255,-0.42351912878556713
0.7863342385547003,0.04169642505313609,0.49303011376676403,-0.36994753727186713,0.9714443850143318,0.27041649863017364,-0.39354833396065503,0.5882510544764648,0.39965366698703003,0.20338296100324288,-0.6729584047656294,-0.08112978480132782,0.05814495646429931,0.046881702315190066,0.04124085198134115,3.566246931160956E-4,0.7051564674714199,-0.7078512706281666,0.4932336573481605,0.04333150793035109,-0.42352929205886086
0.7874683614900737,0.042765465566821606,0.48862053952842605,-0.3732487949852501,0.9710032217870415,0.2745127626350814,-0.3949773891369132,0.5887430584276542,0.4096900606110991,0.2049651264326936,-0.6659766980429237,-0.08375865405721666,0.05593364994048431,0.0437497722049582,0.04126302475966903,-6.036621124907438E-4,0.7023064087647773,-0.7106776390091772,0.4941775057370614,0.04284372682963631,-0.42358098726566207
0.7867203317457241,0.05062050991895084,0.485273767322275,-0.3781772789873682,0.9685970918916196,0.28109368652688027,-0.39455869298370544,0.588596208717801,0.41444221607999077,0.21606732508640156,-0.6596264576589879,-0.08349781275550902,0.05557344226589223,0.0431705720448865,0.041688964706254945,-8.560003694660819E-4,0.7003191294820151,-0.7126109838941866,0.49520047194529976,0.04163326351645048,-0.42398203569410803
0.7826420410126452,0.0649520875386854,0.4863728162139695,-0.3830067174502558,0.9638507360362929,0.28783513895205143,-0.39177401041986504,0.5907421422122702,0.4016524994995223,0.21882326454027953,-0.6646919361299481,-0.08114637454972626,0.05520258939633428,0.04369520335660765,0.038516664010497054,-0.0033136946620082536,0.6963428456144285,-0.7166673756930684,0.4962061465419307,0.04038727988187575,-0.42465098206354374
0.7790470298060024,0.07591852199668525,0.4862466223192905,-0.38844089080755356,0.9596543942920809,0.2929218394182902,-0.38927941961947443,0.5890156620577665,0.38670743286001913,0.21968611636719668,-0.67472655312872,-0.08099230250077843,0.05492913331974395,0.04774208653927267,0.03604229447738094,-0.008962454963889449,0.6907537275314536,-0.7221356626778853,0.49654540818949255,0.039974773465066435,-0.42547911400558036
0.77686031207069,0.080683310081339,0.48455648499806026,-0.3939330804211206,0.9567588620531797,0.2937132516448579,-0.3872306985561954,0.5887035438649897,0.38363075698552423,0.21869431768343695,-0.6770733897802304,-0.08265333133958883,0.05499972193972746,0.04721014030148869,0.0357511750311681,-0.011118626121941096,0.6889634545377576,-0.723828424385538,0.49641094905840605,0.04000144208491409,-0.4258947690717958
0.777350595010215,0.0727046567045899,0.48442840853600927,-0.394676072664662,0.959619969483238,0.28863947851058436,-0.3861405220993768,0.5881269327895271,0.3854649379878302,0.22269928152920382,-0.6752247940619461,-0.08545035489485668,0.056495191706001646,0.045445399590335,0.035443248492934766,-0.010832002215248177,0.6901070105643244,-0.7227577449147456,0.49585426306840175,0.0395248460050448,-0.4267296252215755
0.7792168835560812,0.061331562144011975,0.4871158275159847,-0.389586522417731,0.9646686346029539,0.27947303019181047,-0.3859028877966089,0.583462701551666,0.3883908876130787,0.23489635566164233,-0.6734593502313525,-0.08656462235800136,0.05860558394217152,0.048279138816755884,0.03522464345928518,-0.010956778647058359,0.6930582968749825,-0.7199370601848429,0.4947595336585463,0.03903098261493049,-0.4271739199851069