0.7931845463075904,-0.4629026386106674,0.3888608596513975,0.07325745352713467,0.6601904717100182,-0.08557236336125641,-0.2780683482728506,0.6994452635851188,0.5073354091896929,0.49913195435700874,-0.06522574622358426,0.6587120178031693,0.5673179639549043,-0.3140787910775981,0.11433812626888797,-0.07047619313791223,0.9908586137833908,0.012613745413821487,0.6085476183128655,0.2567569203937951,-0.27803461795186124
0.7937475154230375,-0.4615632309975164,0.389445919793527,0.07249924901033312,0.6605133874212035,-0.08561403809080763,-0.27798704005044844,0.6991848072911043,0.5074659209957131,0.4992957799129664,-0.06574700329578921,0.6581192563344226,0.5671314615909089,-0.3138073500849159,0.1141442086827599,-0.07057618285126682,0.9908821830096598,0.011941584163845841,0.6081607314276121,0.25646803695007236,-0.277946864337589
0.7944877281586846,-0.46111686794570733,0.3882341589320513,0.07372056524143213,0.6605896516575976,-0.08714438564249322,-0.27918468312037836,0.6984839699380995,0.5081205788987171,0.49950502585455697,-0.06654585024765478,0.6568538281743106,0.566851499366559,-0.3134952088741856,0.11355418982767818,-0.07071743229761006,0.9909512352608265,0.010960842889786576,0.6074837522370177,0.2560202291087787,-0.2780539347328632
0.7949399019250019,-0.45891654198004594,0.3893757770356447,0.07650270637326069,0.6615876569996354,-0.08953661101472513,-0.2791858136123042,0.6977640366996464,0.5091170063592905,0.4994269755738691,-0.06706652662473857,0.655421317963984,0.56644937405332,-0.31322703892316117,0.11303624376997407,-0.0708152363007345,0.9910149133087895,0.009871752712586697,0.606644490774425,0.25574266576818744,-0.27792682765758714
0.7951353629440354,-0.4573078225854295,0.3905785182734016,0.07795980413895633,0.6621986663678122,-0.09073800820656987,-0.2789142186838113,0.6975088682263499,0.5095747378400063,0.49928351638974267,-0.06731222446464495,0.6548585153505259,0.5661856607588628,-0.31303636132318435,0.11273131025326505,-0.07081424713054048,0.9910550365398713,0.00932248040338256,0.6062815259512975,0.255479426788812,-0.2780187517572041
0.7962957358943703,-0.4527960938709966,0.39323263885627413,0.07910050638107116,0.6637974548799003,-0.09240532287730287,-0.27851491540165313,0.696888753588183,0.5104787533507307,0.4991354770522168,-0.06798001947372986,0.6534083103868298,0.5658870602525042,-0.3128173211326999,0.11245729118519183,-0.07092744378170508,0.9910885035217843,0.008138400631089504,0.6057061008123471,0.25507469887980416,-0.2781614510341906
0.7972794010684922,-0.4489071672244325,0.3956697366711359,0.07920461684141936,0.6661937013957592,-0.09375339780298109,-0.2782819861429021,0.6960658720597245,0.5113533987257862,0.4992275563277627,-0.06915092456600312,0.6517803684509867,0.5655874503370467,-0.3124219511224361,0.11215548425484838,-0.07110760894613712,0.9911210055295254,0.00663382993950023,0.604681796784361,0.25439446468734433,-0.2781863150788078
0.7974630875365726,-0.44742580376974084,0.39709104631703285,0.07862235733226382,0.6673306182210925,-0.09459286445974692,-0.27818587079345886,0.6957234007722248,0.5117254868924215,0.4992528649443853,-0.06966026505453204,0.6508302810795884,0.5653377017784451,-0.3123842056531201,0.11201454734666985,-0.0711461094071122,0.991140390342148,0.005630180402646487,0.6043123294695356,0.2541117529681086,-0.2781952454787778
0.7979539577601412,-0.44449794583638735,0.3996251279318185,0.07740035250331129,0.6696453452933079,-0.09651052053174379,-0.2779594349528359,0.6949660100548025,0.5124413964612393,0.49942654728338043,-0.07070490739661864,0.6491384072516779,0.5646983264733271,-0.3117257994466702,0.11121857856497626,-0.07115437165357401,0.99123987314346,0.0033161826108848895,0.603557084751791,0.2536611288313823,-0.2780138943096748
0.7984875446025249,-0.4437460534036245,0.39959164816318166,0.07637798060678463,0.6707041064838523,-0.09778785713802976,-0.2787103669796788,0.6945944196414853,0.5128281789762996,0.4994681280634538,-0.07125615832719273,0.6484532457058335,0.5645679886596874,-0.31166518388380504,0.1106627571381659,-0.07117562390723552,0.9913039161319359,0.0020810106879053077,0.6031384084867129,0.25328784056018216,-0.2780337819703212
0.7997674653186613,-0.44011117103906255,0.4016303883848178,0.07326110612220924,0.6737578838400357,-0.09930955073412749,-0.2790836859651957,0.6937019138981607,0.5138322817754728,0.49950418361956994,-0.0724542021278744,0.6465099636926508,0.5642585045404703,-0.31125452803577724,0.10973707801098767,-0.07124805214981558,0.9914033662082773,-9.24253949918605E-4,0.6021686316167024,0.2524043516341246,-0.2782042510768907
0.8003155849236911,-0.43784928950218727,0.4032868437672832,0.07171252230191574,0.6755541826532401,-0.10015051052422716,-0.2789437161513703,0.6932095815758788,0.5144317908004915,0.4994886120180104,-0.0730173615622742,0.6455040688164573,0.5640625145480609,-0.31107274948438857,0.10942656824734656,-0.07126342222550569,0.9914345116086337,-0.0022271070176138465,0.6017268781293315,0.25202709802829465,-0.2782445482868353
0.800937344131159,-0.4332191520279534,0.4072270231491114,0.07061649035047977,0.6787710462394807,-0.10308138654645559,-0.27834154748557516,0.692078842040479,0.5162342266314683,0.4990391579635061,-0.07408791043884436,0.6432594388326665,0.5636236225772907,-0.3109097545364413,0.10880307948516378,-0.07112672025153464,0.9915048183787752,-0.0045907180786049755,0.6008289882394289,0.25113179053795365,-0.27851528415430066
0.8013955198275587,-0.43085587311110285,0.40883446261376116,0.07058908970445232,0.6803765636807229,-0.10468083481151023,-0.27827585421237,0.6913929348021385,0.5172771397067957,0.49883213535596954,-0.0746101278557132,0.6420759940758906,0.5634614665719564,-0.31083091410599506,0.10869251486013301,-0.0711160606985142,0.991510380897081,-0.005967218567334527,0.6003085910262991,0.2507248794585489,-0.2786323639879992
0.8032732188728086,-0.42481886024028426,0.4116185249897387,0.06965099935488736,0.6840482479815602,-0.10711353318412387,-0.2784920500098114,0.6897928197283141,0.5192902257951065,0.4987609119713115,-0.07590177820363937,0.6398635923809747,0.5635177013526497,-0.3104542915604205,0.10869225700961296,-0.0711428212329486,0.9914860030611129,-0.008955332884488205,0.5995455136655258,0.24992367332626422,-0.27872082907848805
0.8052915744381812,-0.41687568698909616,0.4159583747459225,0.0685475908765247,0.688364037331549,-0.10975863616758638,-0.2779237269288902,0.688409286369503,0.5208327989833841,0.4988021483867448,-0.07760326480331455,0.637461705420187,0.562971582755798,-0.3102368398792664,0.10851977864641249,-0.07070755646903175,0.9915045908221419,-0.011939241153816617,0.5983266168963004,0.24883604960032576,-0.2787226807145421
0.8063730249417125,-0.41295499147422177,0.41793679108833304,0.06752450160989668,0.6906237194695919,-0.11069939969651628,-0.2777577639584767,0.6878292775587711,0.5213744507016344,0.498845945057728,-0.078818082874492,0.6361589834350302,0.5626796616581584,-0.31001113335379515,0.10826193984887299,-0.07060758231028147,0.9915173519045163,-0.013684391572575779,0.5976760851676746,0.24807535374351294,-0.2788122956264823
0.808805539611679,-0.4050485994137551,0.4214144871918703,0.06464565871912083,0.6953012819587703,-0.11245880189989937,-0.2778355914787676,0.6865581864069232,0.5225358183496008,0.4990150830895887,-0.0811056229150631,0.6336098638023588,0.5621405004243029,-0.3095094583449294,0.10762977798503814,-0.07039461363994176,0.9915460518029092,-0.017229521625318794,0.5967673930613908,0.24686921641225654,-0.2789301061749353
0.8095933772760122,-0.40144101672083377,0.4236019518911639,0.06296872175104011,0.6978642307705413,-0.11336109212905214,-0.2775823000812791,0.6859258281197484,0.5231371393930532,0.4990735382765121,-0.08221249964605915,0.6323200978017296,0.561810747498555,-0.30926954147196656,0.10711623919068229,-0.07034642759375391,0.9915690611417657,-0.019190841901244947,0.5963015851111957,0.24639314493340453,-0.2790454098676844
0.8108245676585605,-0.3951718930720924,0.4276261447054649,0.05948592918891027,0.7026811529059828,-0.11600631402742678,-0.2773195957647152,0.6844868256496679,0.5247480700682622,0.4990149159147348,-0.08426958031392733,0.6295859880930127,0.5613329880336391,-0.308991425207719,0.10613092267065452,-0.07031924867427582,0.9915913536029031,-0.02319521456946514,0.5954594367758564,0.24524559317791056,-0.2793564964164203
0.8115407921823207,-0.3927464790635326,0.42873183264547193,0.05779932078964818,0.7048263954131393,-0.11765912338318321,-0.2778955979119345,0.6836605785862493,0.5256854133923123,0.49899572800546155,-0.08524272910910427,0.6282091706214823,0.5610271118445723,-0.30878697085032286,0.1052636588499101,-0.070213789085988,0.9916506392424772,-0.02487158293523937,0.5949571296594182,0.24459372045812533,-0.279471569390378
0.812648534824584,-0.3871543487309568,0.43206877917013964,0.0550494248161662,0.709319903232091,-0.12083965696392873,-0.2779750139142481,0.6818633509422736,0.5278112026569888,0.4988940415410246,-0.08707720888050674,0.6253919594976136,0.560367110045044,-0.3083792683406212,0.10379914744093906,-0.06975370624844084,0.9917439386037169,-0.028356969124494192,0.5939199302584944,0.2434785965157342,-0.27954056832395097
0.8136761961018825,-0.38031750320498564,0.4363994144320091,0.05334037623129521,0.7138796770444206,-0.12438386108702594,-0.27772584720899945,0.6800596250584257,0.5299900900950651,0.4986860427148262,-0.08911588841415811,0.6226768518212862,0.5598664734319669,-0.30807603053881033,0.10391058125957642,-0.06960922733863656,0.9915920149574431,-0.03320274754072034,0.5932353763925994,0.24212671306282596,-0.2798919894034211
0.8144205873450017,-0.37579229580518614,0.4390873440830907,0.05197654844396236,0.7166830094947583,-0.12566074659832144,-0.2772639471028206,0.6792114913245922,0.5310469079840608,0.49850419538172885,-0.09030226331608107,0.6212195614659378,0.5595379113515739,-0.3079264560305579,0.10450810221770045,-0.06986635169801021,0.9914317242037962,-0.03549486883413665,0.5926724917747532,0.24134883255222,-0.280093271890396
0.8169397882217553,-0.3653698741015548,0.4435725508569607,0.04855542858894956,0.722677068929433,-0.12729789005915684,-0.27708725189154954,0.6776574234978632,0.5328051794191968,0.4982676694934757,-0.09288910969460058,0.6181181244944107,0.5587149094419116,-0.3073113635588334,0.1043875778022073,-0.06981527500089366,0.9913850483661756,-0.037212186889960946,0.5916218845779344,0.2399103682053209,-0.280369377464347
0.8182911633421168,-0.360577407534921,0.4451849911890506,0.04683832609738893,0.7253236241744679,-0.12795545389282129,-0.2769574567879823,0.6769304663358935,0.5334807132811236,0.4982829771490571,-0.09422073543974054,0.6168581705919884,0.5582079466721409,-0.3071963258259131,0.103136279863617,-0.06939562107391103,0.9915163410596373,-0.037980270712158905,0.5909208761726642,0.23913042812636587,-0.2805079539506016
0.8208108650580932,-0.3510703305494149,0.44842532047458156,0.04397588848196507,0.7307877029422791,-0.12998932383285455,-0.27717915166027,0.6753540740391052,0.5350098088739494,0.49823864919021654,-0.09705476567665926,0.6140123982493126,0.5574144313397434,-0.3067048472042905,0.10158908521986279,-0.06929062046838269,0.9915660219995885,-0.040930327328393544,0.5899142779207419,0.23769846798955802,-0.28077515244226764
0.821328543755267,-0.34687814088220686,0.45085629016097173,0.042703444980962985,0.7336696863063193,-0.13153249237393153,-0.2764740950033026,0.6745390885026974,0.5358748948436203,0.4981714480615817,-0.09828694467993127,0.6126100627438124,0.5569825973475965,-0.30649894008539547,0.10119768883778214,-0.06903908068017083,0.9915350125972914,-0.043022690599470004,0.5891671302829404,0.23664837911361655,-0.28074269334772817
0.8224476402026081,-0.33874914921134613,0.4552150651064703,0.040101590166257174,0.7387870818756389,-0.13453405707248145,-0.2754565817394118,0.6727546609991498,0.5378385369313577,0.49806160635708013,-0.10032701813798998,0.6098327423351545,0.5559419640458468,-0.3061467569717237,0.10097864848923889,-0.06896529762391052,0.991368769344681,-0.047276457576100835,0.5882317029567863,0.2350576236960746,-0.28083115210685616
0.8237507898422243,-0.3309066164318089,0.4588772027355871,0.03697513009478711,0.7442389088907456,-0.13682450127808352,-0.27508913931389717,0.6709610366014943,0.540158294974413,0.49759111904950054,-0.10219286656146159,0.6067788444313688,0.5549201613168818,-0.3057790678009564,0.10130510459360365,-0.06912345439771457,0.9911631317695108,-0.05054572243287816,0.5872193235500812,0.23341915211444098,-0.2809944014685472
0.8248256596275392,-0.3273273335663652,0.4596892741378467,0.034716266546795854,0.7469945484275362,-0.13767678758649876,-0.27554036058031056,0.6701425761331608,0.541078492786476,0.4974784668522524,-0.10323840039374263,0.6054054035892255,0.5544216788647808,-0.30559756949938904,0.10131607964195369,-0.06916210738224862,0.9911055640642525,-0.0515889114957031,0.5865466819622114,0.2325873739127094,-0.2809954719288345
0.8255265975535017,-0.32354729450897357,0.4612551369622643,0.03266012206935487,0.749520613321626,-0.13866475698339964,-0.2753271965518626,0.6692483496160632,0.5420078230380271,0.4974774794341274,-0.10416488735472164,0.6040673639052405,0.5538919670568994,-0.3053387980511576,0.10128291367142829,-0.06911846705539376,0.9910532141026002,-0.052706126086481786,0.5861091466693757,0.23211430537986905,-0.28092521252295966
0.8261571503936668,-0.3173676264471184,0.4647675173796844,0.027079647809075704,0.7551789868033179,-0.14042268855937967,-0.2744789762218769,0.667707181750783,0.5434881738200501,0.4974941134958367,-0.10624185330257259,0.601534808529768,0.5527842862788076,-0.30482007766777736,0.1017080503936199,-0.069089590429574,0.9908864663102954,-0.0550101069122592,0.585076984916724,0.23068516772974149,-0.2810066176495212
0.8268922639980549,-0.31108330658795397,0.46790796090819886,0.02320560753800112,0.7603220925570613,-0.14313016839827855,-0.2740775658929625,0.6664646570306876,0.5447721070409991,0.4973445890141923,-0.10815069161767978,0.5989296211675911,0.551347861782201,-0.30437000585447854,0.10159677055304081,-0.06904732700471047,0.9907814845730323,-0.0571192846064768,0.5837850275027351,0.22931604834388358,-0.2813184826173064
0.8274025556887004,-0.3072284631095447,0.4696486324554913,0.021115026115093357,0.7629406233532587,-0.14389888909878304,-0.2735566667683767,0.6658736062135971,0.5454687489824613,0.497149325954731,-0.10917294598188966,0.5975497480426937,0.5506638544257128,-0.3041521055268238,0.10120111797711245,-0.06898971540473747,0.9907628971692309,-0.05820338891669465,0.5831941581332303,0.22861546650757078,-0.28137994156409835
0.8281531221562406,-0.3029146231447529,0.4712162577741689,0.018983565451492233,0.765823525672481,-0.1444949445060473,-0.27356449810396266,0.6653056447725202,0.5460036200790277,0.4970647946782278,-0.11034054461488481,0.5963026089759877,0.5500233417145182,-0.30386282294522676,0.10063032622571463,-0.06906952676734496,0.9907458519157133,-0.05937671957635486,0.5827845619550126,0.22804954047614906,-0.2815626578095996
0.8295769676620921,-0.29435178714570814,0.4742296292069703,0.01628922683603375,0.7711358689155701,-0.14624700542502625,-0.27314465817734657,0.6642644452154147,0.5470005756562766,0.4968482777921183,-0.11262728758771265,0.5941214629929904,0.5488945382074901,-0.3033521061286322,0.09917064749376436,-0.06908393708097214,0.9907380609740493,-0.061892542769229605,0.5815331037380479,0.2266324514158988,-0.2817111444800723
0.8301737300390285,-0.2895619087481235,0.4761567790460357,0.015498410361539853,0.7738465309250688,-0.14715439055309434,-0.27257746743871175,0.6639441462388395,0.5474655180807767,0.49655031647755715,-0.11356698637263866,0.5929798837021454,0.5481605014842816,-0.3031959796707709,0.09873984982764862,-0.06929114861305823,0.9906834001402833,-0.06321059615589697,0.5811008865452878,0.22604142509046685,-0.28166019633082273
0.8310784608963642,-0.2801045275300606,0.4802939852371804,0.012951186674554327,0.7790367952668772,-0.1488315839161511,-0.27079491608271966,0.6632647079821619,0.5486190521238211,0.49581720043304617,-0.11516234865108464,0.5907623854893649,0.5468748527595626,-0.3028797647123301,0.09830070517819302,-0.06944656670695876,0.990600392558789,-0.0650000615111963,0.5800046224526428,0.22458356267777413,-0.2816798848847943
0.8313705881880459,-0.2747467648757272,0.4829025681538861,0.011927697035315273,0.7818143333848758,-0.1496261996330941,-0.26969871827017833,0.66277402146368,0.5493271203693518,0.4955254152972173,-0.11586575893721801,0.5898294563504848,0.5461393292174328,-0.30274720352625184,0.09817016428357986,-0.06950824470947262,0.9905537685246705,-0.06583657360097508,0.5794483289891112,0.22385850381720082,-0.2816877789196951
0.8317195359685517,-0.26527775597221415,0.4876047174400435,0.010581361198750153,0.7870396798620175,-0.15135899393783692,-0.26795246179074733,0.6615497531919236,0.5511489048048943,0.494878608575869,-0.1169699600670284,0.5875734586867714,0.5450640607846331,-0.3022900459822772,0.09772652418042124,-0.06938589130043413,0.9904792971567763,-0.06771917353213984,0.5783270341511445,0.2223328000115259,-0.2819077655932855
0.8309936782031008,-0.2549262842962545,0.4943496434494039,0.008973649359872196,0.7929713943803838,-0.1533997414248904,-0.26508159116515645,0.6606257382281698,0.5525156021253921,0.49436191980299304,-0.11792555129063514,0.5855442702593242,0.5437395236277863,-0.3018675214330191,0.09782155843239594,-0.06945409100023787,0.9903758380041059,-0.06901283537758064,0.5764884194505969,0.22056671324361402,-0.28182885539332697
0.8309980720669617,-0.2497278872970798,0.4970064147632812,0.007925289349853575,0.795406282866585,-0.15447918134807784,-0.26377775971695133,0.6602899087895863,0.5530258461973903,0.49410337502285,-0.11849685472336004,0.5845870008565678,0.5430819547583131,-0.3019369195047368,0.09746874453842427,-0.06941105818976034,0.9903666147156168,-0.06968441214367814,0.5758508367302724,0.21986684649261073,-0.28187019381544814
0.8305796699290243,-0.24558779226644187,0.49976855066901976,0.007446069599141939,0.7980719255754679,-0.156008731650134,-0.262680552443855,0.6600246265041366,0.5533390935944278,0.49395749776177134,-0.11911897545354258,0.5836249441504282,0.5423612667897775,-0.30167700807740183,0.09702354668095144,-0.06937865184361354,0.9903873220733094,-0.07004274647863788,0.5751438610374796,0.21911675024017033,-0.28187129386783144
0.8307413250050346,-0.23627489253935716,0.5040127649987471,0.003762818453281442,0.803387402603534,-0.1575911629695177,-0.2606546796648039,0.6595916460788699,0.5538093433947083,0.4935635644605232,-0.1209507314104057,0.5816404136909781,0.5411713522918505,-0.30126441858375735,0.09590890420891612,-0.0692410868183804,0.9904730284407192,-0.07050059518276917,0.5738792020135722,0.21773387236437186,-0.28192913831352023
0.8309639749134727,-0.22842454836208737,0.5072656612327098,0.001626971333363783,0.808103181810419,-0.16024394702733866,-0.25935341814964735,0.6591718877686602,0.5542804623061062,0.49326543199984985,-0.12228984044159885,0.5799094143947489,0.5398340707286492,-0.30085209054062445,0.09451862269634348,-0.0692577833217896,0.990408535827542,-0.07321558285558388,0.572513787042183,0.21623466706000402,-0.2821051856987427
0.8313993647318024,-0.21965306226722775,0.5104187050971217,-6.115939519987105E-4,0.8128684428000282,-0.1630685623058395,-0.2579674809651663,0.6586775179592516,0.5552534048923082,0.4925655932055614,-0.12335607030297233,0.5774469144284493,0.5381893163268815,-0.30052958414055203,0.09332885268413268,-0.069201930393794,0.9904095661201009,-0.07476435931798993,0.5711175611150912,0.21451438030829903,-0.2821864478790188
0.831279671278997,-0.21456733768062747,0.5127694939239021,-0.00155300352720465,0.8154122709559678,-0.16451905974869493,-0.25648986303147847,0.6583958443526167,0.5559979807704594,0.49200410839903536,-0.12374617099873107,0.5764399455804817,0.5376020547507578,-0.3005503303026915,0.0930741002298721,-0.06927070859502846,0.9903880087432256,-0.07530187869350316,0.5704970184937846,0.2137097067038031,-0.28223182811471587
0.8286602659232246,-0.20516623669794878,0.5207920963036742,-0.0021380895389603405,0.8207875270053883,-0.16734615952887466,-0.2518085526572635,0.657727383271166,0.5570686278901654,0.4916431928785819,-0.123920151759052,0.5747832628116034,0.536303673623977,-0.3002847858861775,0.0923146361853658,-0.06929250743374267,0.9903342645071931,-0.07690644252925376,0.5691350495045023,0.21226712403632522,-0.2820428488002197
0.8272686172597704,-0.20002132576179413,0.5249873020528013,-0.002537089064775305,0.823353419799086,-0.16875763425660567,-0.2492903369658906,0.6571796543484285,0.5576869023675485,0.49163075359190955,-0.1240944114810156,0.5735572682327456,0.5355812236315115,-0.2995673330439824,0.09184616026691478,-0.0691874787369284,0.9903038855248416,-0.07794607074543798,0.5685760849468882,0.2114748928989563,-0.28207191887720634
0.825427084497436,-0.18892843761063266,0.5319374252367363,-0.004330043022868226,0.8284626387512023,-0.1709469835551028,-0.24509819488177365,0.6565618320448956,0.558742488747865,0.49112742611747257,-0.124608359610896,0.5723559894694437,0.5345962706181764,-0.29959612033580946,0.09127382026682415,-0.06925100071703347,0.9902535273337715,-0.07919179399794145,0.5678564955274047,0.2101957984219474,-0.28231378163048254
0.8245823330263914,-0.18309322385334384,0.5352634571069891,-0.005820560593037163,0.8309310858036534,-0.1715247892133307,-0.24288677053026012,0.656520332225395,0.5590366175322982,0.49079876495303787,-0.12480258792700138,0.5715580729270863,0.5340415344807554,-0.2997461852864184,0.09073953295112437,-0.06929726896486335,0.9902695615699736,-0.07956394347841071,0.5672225037832791,0.20941886760834394,-0.2823580589461495
0.825336705675393,-0.17125085651000221,0.5379902656288643,-0.007677271524729904,0.835152187818229,-0.17279659696118377,-0.24092717454806595,0.65625328131125,0.5593277019166613,0.490743906163095,-0.12511822889024266,0.5702303768905369,0.5327054505357669,-0.29937703019114115,0.08932287423526297,-0.06920405263301498,0.9903116865433524,-0.08071546774428695,0.5660423154096498,0.20781089124972388,-0.28241246560821837
0.8253284459463838,-0.16606268272358576,0.5396213836938634,-0.008056300558751417,0.8372917457739658,-0.1739197115007905,-0.2399189734230448,0.6560488131460983,0.559281820197286,0.49097238101515084,-0.12549869101596225,0.569557111285792,0.5321478420848634,-0.2990961803869169,0.0886485191695766,-0.0692089077809556,0.9903160005631826,-0.08139893218802577,0.5655212084389681,0.20692721661267516,-0.2824073568261174
0.82555937102954,-0.15800907523724636,0.5416780601965064,-0.008350817309124032,0.8415198534048055,-0.1763012930733333,-0.23818569797904915,0.6558304404658076,0.5593205525458242,0.4909986761881467,-0.1263615955887943,0.568015152576491,0.5308597584323125,-0.2986311598062668,0.08795539298919626,-0.06918442520629879,0.9903065918264647,-0.08228133651103473,0.564535107564049,0.20525187429780717,-0.2824999471285613
0.8249264878741713,-0.15400270961838244,0.5437683092731499,-0.009771431010907345,0.8433888010505602,-0.17764477933926542,-0.23627883018108084,0.6556163224168909,0.5593558083415958,0.49113869017701084,-0.1267718599148928,0.5673447460678004,0.5304084341429838,-0.29858524859202834,0.08772145207981533,-0.06903543264652069,0.9902925311146248,-0.08282366028440125,0.5639747036848327,0.2044363284011702,-0.2826180573937923
0.8225973103094063,-0.14674516198729218,0.5492177760020662,-0.012623669371383204,0.8474525594613892,-0.18043032964313574,-0.23180853179875865,0.6553273700690092,0.5594349252205608,0.49137365668529276,-0.12700603134349767,0.5661008057797907,0.5293297838671887,-0.2981581878505881,0.08701506309237576,-0.06938366514922585,0.9902054454225013,-0.084305762917584,0.5630000035975427,0.2028309553411397,-0.28257696928878145
0.8212612024078284,-0.1430979610193065,0.5521543688684902,-0.01336278081853825,0.8495073933073612,-0.18217074378036097,-0.22950001012186594,0.6552639237071112,0.55941418139473,0.49147449818085726,-0.12703456844615182,0.5655502740145804,0.5286897307620071,-0.29805495527034387,0.08628552692442608,-0.06931508924817133,0.9902028905836884,-0.08513789829212448,0.5624464185384417,0.20209094609578565,-0.2826243841092923
0.8187318035848665,-0.13302258916502857,0.5583395458565518,-0.015497616049035379,0.8536149042207305,-0.18436269095703392,-0.22575233257698124,0.654932799326344,0.559739585813352,0.4915113354764728,-0.12716615720462038,0.5641443732469064,0.5270234119357811,-0.29819523144345106,0.08464827770889505,-0.06964493433564696,0.9902369497860134,-0.08611060028122743,0.5612215118571157,0.20057758566158568,-0.28260421275604763
0.8177794125315717,-0.1281243924552724,0.5608540830957898,-0.016237917731835652,0.8555238352574331,-0.18543925192773208,-0.22401315146916184,0.6546546512006777,0.5598249571243227,0.4917598767720192,-0.12726165423739294,0.5635523558853444,0.5265028135249765,-0.29801653751700563,0.08408797471624983,-0.06968974764295838,0.990234618297838,-0.08664844087526978,0.5607760200947425,0.19986920916948472,-0.28273281436507025
0.8165989032900138,-0.11627529719675651,0.5651415222986141,-0.01616620491512486,0.8593622759353307,-0.18683485679961134,-0.22131079726884098,0.654185656915073,0.5597614544388019,0.4923634782673224,-0.12761835949288655,0.5625057634452546,0.5255430404304768,-0.2977519916263387,0.08336591492683355,-0.06975767401299506,0.9902258446692624,-0.08738860162374984,0.5597563117839471,0.1984675604438489,-0.28278191308551703
0.8152210457739223,-0.10272893830237931,0.5697585048101368,-0.01538369133387486,0.8626609705432892,-0.18788667618939808,-0.21861278133171178,0.6542314609284113,0.5592828085171677,0.4927602354388539,-0.12795032629450828,0.5616348266811619,0.5244650580403307,-0.29757401378798004,0.0826076014171047,-0.06972637260599879,0.9902279979071085,-0.0881063522806486,0.5587857721797005,0.19702154772997224,-0.28285011136210353
0.8137891481099375,-0.09615563957361811,0.5729462215288963,-0.015295183308851726,0.8644247300422085,-0.18823200238760734,-0.21688071716148408,0.654150691508561,0.5591267870515864,0.49298462567855506,-0.12818060557204566,0.5611295035667183,0.5239406328923557,-0.2974397535525509,0.08215090585575584,-0.06973404681239553,0.9902636140467047,-0.08812698836000443,0.558173677348247,0.1964267575868614,-0.28287835286959434
0.8094872517720744,-0.0854469579883733,0.5807095693910097,-0.01433884956108493,0.8677661246176407,-0.19045680773159587,-0.21138510304640487,0.6542470981441031,0.5586259535204182,0.49341439411463245,-0.12821861917800392,0.5604980497741193,0.5227237340000277,-0.2973067979145316,0.08119036661332601,-0.0697352250243446,0.990335390008788,-0.0882096256433469,0.5570425250235473,0.19525276965535193,-0.2828172038704495
0.8069960743738496,-0.08094375125327025,0.5848200744496517,-0.013817582963345551,0.8695563525645054,-0.19217429090433333,-0.2083567750689167,0.6542658611547422,0.5582026474076678,0.4938617577311316,-0.1282441094367754,0.5600984316161044,0.5225017052154799,-0.2971201737973517,0.08034113560598272,-0.06977655068399849,0.99038655568218,-0.08837989153745619,0.5563210348426225,0.1944733908306069,-0.2827200099993587
0.80265268970072,-0.07114098676672975,0.5920453303609026,-0.013036353627656571,0.8725725786442309,-0.19467622954599278,-0.20306393798591538,0.6540042678352567,0.5576471628260047,0.49475406508075004,-0.12855533645652564,0.5594364285746319,0.5217371768271143,-0.2966744576177233,0.07879006376656991,-0.07000033078473343,0.9904313362610792,-0.08909459968921192,0.5554801154327486,0.1926179338262783,-0.28280237116197887
0.8009142067342248,-0.06587346613430907,0.5949967372007099,-0.013266598329984253,0.8735279527386581,-0.1954513859797827,-0.200491242674446,0.6540311946173698,0.5572107674422712,0.4951565113579489,-0.12876096603239956,0.5591768844602073,0.5214013284026583,-0.2965533656362538,0.0779534312106271,-0.06997332599076964,0.9904855837488723,-0.08924855515881086,0.5550002626487863,0.19188903669478272,-0.2827930580295689
0.7984547349564736,-0.05623915833774617,0.5992762285555837,-0.01323613173270072,0.8759797282225249,-0.1975507146971621,-0.19677122580721845,0.6542427031439414,0.5563408786540384,0.49589883320089007,-0.12859105470971563,0.5590617755042673,0.5203901119221328,-0.29645733770206034,0.0769038873563816,-0.07007286378259958,0.9905767499872419,-0.08906900838953725,0.5539839300100936,0.19044307583936926,-0.28278046464181217
0.7961895336863296,-0.04697909188619604,0.6030842604753233,-0.012828333517096106,0.8777515051669403,-0.2001609539748692,-0.19298964095782098,0.6545639321743209,0.5553916694273725,0.49666907553557915,-0.12808583697583567,0.5590240559115327,0.5194579138801948,-0.29617968597860733,0.07594261916215125,-0.07013102906853758,0.9906081563878066,-0.08949769748172859,0.55290772882313,0.18897618262377303,-0.2827054031650325
0.7940918840718667,-0.04291860602929367,0.6061580209368441,-0.012187147394853493,0.8793184282561388,-0.20169701743774462,-0.19166534023181606,0.6546312503966509,0.5550219247242375,0.4970663376090238,-0.12780314978697563,0.5587541753370833,0.5190328772585827,-0.29600473121611004,0.07536091562694637,-0.07024468303861532,0.9906363290807063,-0.08958839437212548,0.5524074706710931,0.18826202882453544,-0.28268221191681
0.790006849260622,-0.034508513851962914,0.6120486470036446,-0.00973623613321672,0.881070869534569,-0.20534618989652742,-0.18603714528250048,0.6547699336604581,0.5540714030402567,0.4980319658607478,-0.12745734693676847,0.5587652798775867,0.5184313095192693,-0.2955813744411682,0.0740266595361409,-0.07024122711600513,0.9907772999789957,-0.0891435109107191,0.5512497953179449,0.1868067703958963,-0.2824114271994224
0.788062364858904,-0.030308006512315924,0.6147911176186209,-0.008427071347043555,0.8821729767599372,-0.20700961962417386,-0.18435129847304166,0.6549171510246597,0.5535106060004269,0.4984811707626669,-0.12738154000428928,0.5587709695430778,0.5181279586000379,-0.29539175349285146,0.07323779711969043,-0.0703026530998657,0.990828574954503,-0.08917677440793505,0.5505750825377369,0.18601337054833303,-0.2823268445497704
0.7844604281545269,-0.02163419376798592,0.6197716263531693,-0.0060769636475102575,0.8833857052312865,-0.210642185163218,-0.17966863655058257,0.6555072043881455,0.5521713437975763,0.49928249039253425,-0.1270201042018385,0.5589726106037024,0.5174214577230146,-0.29512354016032777,0.07116627884104303,-0.07034924220999225,0.9910115286080756,-0.08878341648238135,0.5495625215784494,0.1846491578056433,-0.28239980888768823
0.7828275970064331,-0.016544522362998464,0.6219978969485332,-0.005084125934278372,0.8837701282500044,-0.21196189257317474,-0.1774846948278056,0.6557743455665335,0.5514852066544359,0.49977229230744163,-0.1266954236737234,0.5591262992302029,0.517074475681375,-0.2949456072466045,0.0702653377884537,-0.07034366718535885,0.9910751662833657,-0.08879507626433508,0.5491829427255729,0.1838922009281633,-0.28269735929810696
0.7787411366430299,-0.0072601235939398975,0.6272969761734898,-0.0028348525391607197,0.8841242590092401,-0.21516215298206254,-0.17225132157568007,0.6563679459398721,0.5501108222787923,0.5007278054992118,-0.12582077552760376,0.5595533416562893,0.5164046416703088,-0.2946170926717426,0.06854829367903162,-0.07036094161189767,0.9912655983516394,-0.08799422057014102,0.5482839260611739,0.18247907387041104,-0.28275778874809576
0.7748951755740909,-3.353358745659138E-4,0.6320893995750905,-5.876790377851841E-4,0.8844983308813623,-0.21889911276090832,-0.16589998238726106,0.6569927849463296,0.5487111645502007,0.5016638257594215,-0.12493976288935855,0.5599808791713123,0.5157049754143492,-0.29428530990224,0.0670141054305806,-0.07062778149881967,0.9915498953977638,-0.08572998944697123,0.5473578387513733,0.1812401533669609,-0.28276914085871846
0.7737426184281199,0.0024024503922852555,0.6334949473096624,8.60461060935303E-4,0.8845971526656102,-0.22147028457209428,-0.16389900523424875,0.6574867466664287,0.5478600445204982,0.5020943429317942,-0.1243455683644696,0.5603824951092202,0.5153621228272549,-0.29414144583489704,0.06600974892775895,-0.0704958715165456,0.9916847819580633,-0.08505491389923064,0.5473585658347031,0.18090393632009902,-0.2827124279147682
0.7714096917502192,0.006691236949111657,0.636294886770043,0.0033364490436531644,0.8842616261772767,-0.22618263134592706,-0.1586852564966083,0.6583191733300534,0.5465963712521971,0.5026582573462279,-0.12321911086198678,0.5610018834158441,0.5148112933312742,-0.29398919575700005,0.06367238404242448,-0.07056629632682149,0.992027360377024,-0.0827522905813698,0.546394136780737,0.1798008122258851,-0.28271382962816716
0.7700359535085521,0.009162575144955996,0.6379210014949633,0.004180116332238848,0.8840486688871483,-0.2283764620149862,-0.15623825150483173,0.6587548722022875,0.545864566894495,0.5030220027651459,-0.12264892047211337,0.5613703270125617,0.5145674685788942,-0.293845829547301,0.06272627404989606,-0.07060059918378427,0.9921693151299301,-0.0817375070167518,0.5459883956980425,0.17938931360729876,-0.2825558427493119
0.7665091260664947,0.015383165854424638,0.6420121750812776,0.006890929725426499,0.8833786743847757,-0.23248167616713114,-0.15044655238790217,0.6597637918190667,0.5439931165902866,0.5040733453386942,-0.12121588437977833,0.5617853131926248,0.5135326960492743,-0.2925578658002458,0.060831285009421664,-0.07082115066095207,0.9924266075128553,-0.07983325174190492,0.545188223329823,0.17826979351971373,-0.2823828383004918
0.7640132391482521,0.019755730255348537,0.6448383152517921,0.008776600224679089,0.8827379614294607,-0.23413136350219568,-0.14736954787946038,0.6607063618569081,0.5425008027888646,0.5045796273966469,-0.12066226415705558,0.5627566639651039,0.5126617764805625,-0.2925175184212722,0.06015583755921916,-0.07091587525745151,0.992536463587512,-0.07888968432700079,0.5445404496490063,0.17752816682866637,-0.2822192561523908
0.7592052201715551,0.02963864088834188,0.650040661710876,0.013271124784251697,0.8812090891909032,-0.23742024861502836,-0.14180645895365213,0.6630232023685096,0.5395719843898277,0.5049688190898196,-0.11945207628862282,0.5642834235462582,0.5116069345648776,-0.2925716288884953,0.05901601851480069,-0.07063379893243237,0.9928578476685606,-0.07590303241627937,0.543796766556031,0.17655160647152615,-0.2820461651183117
0.756900825784161,0.03443389874840248,0.6524309303071021,0.015790114719313773,0.8800357970570144,-0.23907105626605832,-0.1392399983752511,0.6640398751563422,0.5382959456570581,0.5051547173383112,-0.11877386346488036,0.5649932951309498,0.5112796973087618,-0.2924649909816766,0.058202319959953154,-0.07046899380273154,0.9930358392868534,-0.07433998086873998,0.5433215049948645,0.1761326183253903,-0.28190158853914943
0.7529098287185682,0.04327814305148173,0.6563786281453883,0.020515571329354266,0.8779564919754558,-0.24201854391079128,-0.13431982999880115,0.6658021110116285,0.5359589467622089,0.5057718147190684,-0.11683504522951611,0.5664778372887914,0.5107513659788275,-0.29221425272213236,0.05500639669233399,-0.06978852330057358,0.9935902283136152,-0.06987357539262473,0.5424358127463641,0.17527227747992227,-0.28178374529499167
0.7499758611480327,0.04866035374982277,0.6592077766424889,0.02476862697598563,0.8762952550864094,-0.24572911414551174,-0.13059160859204405,0.6678093106497686,0.5335115983096208,0.5062602686915607,-0.11444054973191815,0.5682225771843952,0.51020188145326,-0.2918577995826983,0.05252392284771271,-0.06962567114469188,0.9939343551561192,-0.06699254500859066,0.5416702927849069,0.17442492636082313,-0.2817052401765943
0.7484058618332873,0.04972464611573612,0.6608448422201653,0.02646167139929333,0.875355685224706,-0.24807124017168225,-0.12809658670714727,0.6690804882211437,0.5320938637522212,0.506339549408217,-0.11325935345070767,0.5691792432543779,0.5099264406916872,-0.2917530240775425,0.052268813580057444,-0.06963809437907005,0.9939977195054692,-0.06623473828823899,0.5414809472788329,0.1741015035928458,-0.28159707340385354
0.7445418988158546,0.050103008612723855,0.665034319131072,0.029604118184910697,0.873139442622276,-0.2531853300724931,-0.12209444983860969,0.6720412371648113,0.5286720412912999,0.5064717807644371,-0.11114307714014358,0.5711478191087392,0.5091819373233645,-0.29130807608232184,0.05199299190751318,-0.0697758829141101,0.9942172603924162,-0.06292927851056387,0.5409227309900837,0.17334963054207722,-0.2815321996974683
0.741094979335112,0.05448987323305236,0.6683266558452947,0.033890506133439115,0.8711756499007225,-0.25677389956199115,-0.11785824452491157,0.6756563034131501,0.5241985217060661,0.5069449495741334,-0.10821870263744571,0.5737348378305145,0.5083487309106388,-0.290806283432042,0.04865386283461041,-0.06910210310146069,0.9948132062606314,-0.05660729306077584,0.5398533994482377,0.17270272806671078,-0.28136039041227806
0.7396301719601829,0.05740795768156864,0.6695182222383672,0.03737492758197782,0.8695745136148396,-0.25860966943559277,-0.11586577387069497,0.6772537479815831,0.5222609667515491,0.5070894626462282,-0.10691641747549976,0.5749025671770818,0.5080128282229465,-0.29062933523940016,0.0459563422154934,-0.06893748615270504,0.9950911004562839,-0.054123372084711706,0.539540261313561,0.172371551285276,-0.28134444627533667
0.7357266439819905,0.061684135292644486,0.6730558716931392,0.04355647331436216,0.8672663627878139,-0.26270238305370214,-0.1109501114944593,0.6815464706902706,0.5174450255259582,0.5068670285621729,-0.10407146200870811,0.5777550033276825,0.5074731170392484,-0.29035901445504503,0.04268242192837937,-0.06857396499362223,0.995419356974023,-0.0511480786032466,0.538902393030718,0.17162127692823798,-0.2812473540969302
0.7336753409544428,0.06327946425091949,0.6749009779914443,0.047168563532194334,0.8657517982773412,-0.26481028262578143,-0.10826720008810126,0.6836144823407474,0.5153131602232828,0.5065521134771205,-0.10260868757833132,0.5791378835209794,0.5073203126189791,-0.2903825131327888,0.042088696437865364,-0.06832519910876367,0.9954927266703621,-0.05054146758174598,0.53900840041627,0.17138838566412581,-0.2811274949999822
0.7304640744115207,0.06905562495713434,0.6773516216152181,0.053369816854982516,0.8621823857466905,-0.26816455344286666,-0.10386306904939019,0.6879892371272117,0.5107737731428428,0.5060300769472391,-0.09856228229557298,0.5825853928678625,0.5064882218667539,-0.2905835152951119,0.041099640642754336,-0.06812640765771429,0.9956587373712918,-0.048304149044323334,0.5386263196308764,0.17072352445751646,-0.28110115264993385
0.727944018344519,0.07561415948004006,0.6788675454908377,0.05931998585474362,0.8578165113753208,-0.2713390038348062,-0.10062478128412698,0.6920602757002875,0.506904104661595,0.5052701223415846,-0.09382380797957904,0.5856642092388727,0.5060677688294107,-0.29081341733975147,0.04003190055836313,-0.06780264582717806,0.9959107203006171,-0.044295432572961146,0.5377509232333851,0.1698724274540494,-0.2811523456849227
0.7264491970368198,0.07736135251728521,0.6800365876083018,0.06194372264655068,0.8557400484343906,-0.27324721231473975,-0.09824295563840323,0.6940240344468661,0.50504390440967,0.504865461945483,-0.09149950580907774,0.5872109720821853,0.5059924623695564,-0.29087504635893785,0.03999476041631901,-0.06734243427463263,0.996058097968396,-0.04163749700437532,0.5374656324355557,0.1697144021765254,-0.28107183727044216
0.7246687751051585,0.07672722363124339,0.6815750761192163,0.06650951175971037,0.8509519034104286,-0.2784043041884032,-0.0922938256017904,0.6981620054291109,0.5004227277758877,0.5044889882730021,-0.08739432711466191,0.5905247296971633,0.5059280898086007,-0.29053071068168757,0.040260210470098715,-0.06659862700762748,0.9962343018974894,-0.03822242870912771,0.5372788911977939,0.16929659085902327,-0.2811220706076719
0.724098351869165,0.07583664510681536,0.6819727290041734,0.06959581146809138,0.849023868692042,-0.2812217468656769,-0.08966220906690336,0.7007397861825122,0.497432083211636,0.5041854005340928,-0.08556960056524583,0.592328938643817,0.505613055515509,-0.29051912869695795,0.040306123066982065,-0.06630961483592442,0.9962990557909231,-0.036968132949009344,0.5367989019144348,0.16898777630530018,-0.2810229383909713
0.7228600732388228,0.07477216842198543,0.6827304012934649,0.0759054444444031,0.8446107928058215,-0.287114274034361,-0.08498083079902169,0.7061423591999056,0.4908400922524746,0.5037345237200775,-0.08179548883453479,0.5961195582939869,0.5049371452449346,-0.29041431860746086,0.038182116632138004,-0.0659013656878448,0.9965678743935037,-0.032428501303342024,0.5364226489215865,0.1685667166732804,-0.28102196876544283
0.7220987062873228,0.0755833569515034,0.6831539738328164,0.0784937103629855,0.8409440075617813,-0.2895865653098867,-0.08242841907905746,0.7088047321829106,0.4873963294254443,0.5036345256416409,-0.07995582705116272,0.5980753493623026,0.504635300869228,-0.29029929868265736,0.03721105650131059,-0.06554164718840391,0.9966935093231302,-0.030359153990687924,0.5362313774372603,0.16851032569610302,-0.28089383029152476
0.7205729441953228,0.07793304481885446,0.683812889143212,0.084267462644604,0.8348474469876984,-0.29380046667341747,-0.07779521369830446,0.7138296043336553,0.4806884801496263,0.503568762328838,-0.07618649903297861,0.6019153974675676,0.5041522275222796,-0.29016942048813643,0.03491630373559976,-0.06494957607968495,0.9969283053904364,-0.026388600036100433,0.5359915255935431,0.1682257921636926,-0.2809323905090623
0.7199638281869469,0.08133230317823041,0.6832208497651562,0.09080976273671715,0.8290817122486311,-0.2972708644219398,-0.07612434634996673,0.7182480133396824,0.4749055480503269,0.5032671839136741,-0.07284678002642439,0.6056342426626777,0.5041941199356134,-0.29004120191866295,0.033854587317538626,-0.06448345275035212,0.9970803713656027,-0.02294524518029941,0.5359103033216462,0.16787543106189085,-0.2809224661526685
0.7197427106439883,0.08265493405686512,0.6828141220297546,0.09435818516501332,0.825898490756948,-0.2992309612250015,-0.07453740594963096,0.7204781393027027,0.472094414346049,0.502980766158522,-0.07105254115626493,0.6072317546883687,0.504155656983783,-0.290166524648057,0.033522393030187905,-0.06431078176733088,0.9971487710069448,-0.020849484246472077,0.5358595377306556,0.16772707486824306,-0.2809363781453959
0.718570236595116,0.08382350810911066,0.6828046577021556,0.1020207527327796,0.819104105984204,-0.3039731219147054,-0.07091962664748455,0.725004035189858,0.46641575044012756,0.5023176783127179,-0.06710027387661495,0.610789813412226,0.5039147991255606,-0.28991952012724354,0.03245893102843936,-0.06371647181413818,0.9973082700324629,-0.016212450182047373,0.5356450364572158,0.16762755593759218,-0.2809508628184423
0.7173039595223211,0.08381239185957559,0.6835807601754598,0.10567808165517538,0.8156853874030411,-0.3066504362526218,-0.06818518659564832,0.7272752139820853,0.4634510506488669,0.5020770352759933,-0.06482698071206626,0.6127431934804914,0.5037753100477784,-0.28985880537022446,0.03138047424555196,-0.0633133229753611,0.9974089521464898,-0.013493374225261012,0.5356157847562827,0.16756344970843914,-0.28098009757922604
0.7162327024409689,0.08486619580146006,0.6833939779165895,0.11305359663290117,0.808418564807367,-0.30843838324033096,-0.062332085190332204,0.7318469751933987,0.45712595446312476,0.5017881870391798,-0.0603695453385504,0.6168029209205858,0.5035093353779094,-0.28965933544804373,0.029150031762089353,-0.06254675523883878,0.9975844248581203,-0.00796833344277374,0.5355098981186568,0.16767499803783137,-0.28098204790149117
0.7157557502237178,0.0853136773787235,0.6833006332231294,0.11625629923007313,0.8049008041634085,-0.31036359827237825,-0.06035951644154531,0.7344668049245849,0.453826500058419,0.5011986174158487,-0.0583092291926364,0.619094882694103,0.50332790996054,-0.2895505772375421,0.028226720598144912,-0.06213214614800752,0.9976538614429138,-0.0054425552234494984,0.5354238634746974,0.16774822316724494,-0.2809646014168968
0.7163874348896591,0.08368224055856838,0.6817156444508505,0.12267887290920935,0.797027058028876,-0.3147533192345099,-0.05740109260655317,0.7392612333436832,0.44712417147687983,0.5006151598191168,-0.054380749494377746,0.623257960654706,0.502998437939305,-0.2895613339518532,0.02687055869708094,-0.06157785901121374,0.9977405141921329,8.182004678987213E-5,0.5353186218620818,0.16787407471074245,-0.28092697810639417
0.7163205904796662,0.08308962757022931,0.6812263384703012,0.12614119556849512,0.7933575145393655,-0.31708284638299133,-0.05559662415247703,0.7417690289501929,0.4434684083194435,0.5003766392299654,-0.052323010481357485,0.6256106019803246,0.5025583818487297,-0.28988796897470337,0.026497532138421754,-0.061273282483871185,0.9977656252642483,0.0026875053988111796,0.5353617667841588,0.16800762951624354,-0.28090170871334785
0.7166790103925569,0.0816304202633251,0.6795439886835324,0.1338941297983352,0.7855143241735717,-0.3214838693392121,-0.052560055614056765,0.7458569541170381,0.4371025071847811,0.5002538273546268,-0.04883554468909233,0.6300139306146989,0.5026000262080771,-0.2896295696984234,0.02557392569186178,-0.060710303810777085,0.9978009974928946,0.007307717707650943,0.5354614633730043,0.1683652987042787,-0.28105138082679426
0.7166494334269521,0.08285561445190116,0.6787775839820253,0.13714783339940534,0.7812327341792116,-0.3226882119306421,-0.05122319349601736,0.7479702674792449,0.4337321493481221,0.5002130917388965,-0.046944269532070204,0.6321383074906571,0.5024986473526598,-0.28953122683739246,0.0248633554846606,-0.06053410783533427,0.9978064645767609,0.009984717895300184,0.5353804278831422,0.16860103287060202,-0.2811422831957437
0.71556647375274,0.08324838956706884,0.6781219694826286,0.14555040975744352,0.7725819630237941,-0.32630360617580145,-0.047675078690624116,0.7521296949720371,0.4269511044776596,0.5001455511352816,-0.04322156876100809,0.6370703235253492,0.502362919374279,-0.28921400234140604,0.02164407545870103,-0.059603895349264094,0.9978378686832733,0.0172770795667224,0.5352671367975674,0.16922567988398565,-0.28125230845429855
0.7145820174600249,0.0826889887481567,0.6775325475722317,0.15324724611832183,0.7640021405945504,-0.3298656448773991,-0.0439688025199171,0.7565118331136808,0.42006844816535605,0.4996775327381128,-0.03942979193047465,0.6419672813946449,0.5014899280505406,-0.2896849892052998,0.019142923476789888,-0.05895267969643012,0.9977988508093897,0.02357081587117904,0.5352750756302497,0.1698205266471884,-0.28130654862365057
0.7139442127422679,0.08179974454629135,0.6775509548739225,0.1565795849829108,0.7587478453827752,-0.33124066080041714,-0.04160333383203371,0.7584876020247658,0.41682553038746534,0.49954623201577164,-0.037504624658478244,0.6443158644526644,0.5015616548516428,-0.2896218903382041,0.01881290312900866,-0.05870650238536658,0.9977500008941768,0.026354448755494673,0.5354075732050853,0.17021398333140283,-0.28133346089242456
0.7135933509745855,0.07994980032547434,0.6765323271314828,0.16339084802656229,0.7493676072387935,-0.3349713580635121,-0.03822959878719652,0.7624982767417976,0.40995496538355963,0.4994258359662139,-0.03327369370240792,0.6493058412974995,0.5011542449361369,-0.2896852987446477,0.019014166336896163,-0.05831328767511324,0.9975929895368137,0.03234577539702961,0.5356177373059959,0.17089137321898812,-0.28147169954611556
0.7129803684627195,0.0772391831227673,0.6758462018143292,0.17007355547067643,0.740284367514925,-0.3384157481197372,-0.035317514708552614,0.7663844242320982,0.40292971739518557,0.49944290884902565,-0.029314466304118075,0.6543306138795072,0.5007445705470638,-0.2895384273132669,0.01742290410524959,-0.05741165314731085,0.9974050828445179,0.03979252707924554,0.5356065236466039,0.1717964416669243,-0.2815691747256449
0.7125214509488965,0.07589781150392068,0.6755685586596197,0.1736658478145847,0.7356765643821683,-0.3401468921492138,-0.03350521850092326,0.7682694280403263,0.39937811316534927,0.4995021216749,-0.027510708921235742,0.6568390665639552,0.5005747560296402,-0.2896339236393849,0.016020361304558757,-0.056992581039291716,0.9972878844909827,0.043727213239028395,0.5356324218068885,0.17224413378965095,-0.28167302519876736
0.713056849132186,0.0754624660661357,0.6732237397307178,0.18062431282605057,0.7260584778074664,-0.3426252756905651,-0.031511707290372226,0.7723118265071328,0.3920477567962352,0.4992818572494982,-0.023465422428503347,0.6618824137846886,0.5005316528071219,-0.2894818281720665,0.013485147542088924,-0.05605698236807791,0.9970745182657456,0.05018137651245246,0.5358711746291654,0.17324762237522134,-0.2818517457060664
0.7132930658782586,0.07527220368101606,0.6719412309675736,0.18450495833115133,0.7212466032834215,-0.3438524326486117,-0.030584629441030013,0.7743048134735432,0.3884817056677473,0.4990814192680704,-0.02125457914303893,0.6645715379308544,0.5002552361690994,-0.2896165495607283,0.013018895465817429,-0.05571543411932001,0.9969456308824177,0.053157387315440285,0.5360114616978916,0.17368143368689967,-0.28193925970006645
0.7133137087905216,0.07320504684378412,0.6695912575736406,0.19357717259289905,0.7117005018535424,-0.34742683297938903,-0.02841317707603662,0.7779162910765172,0.3818411927711418,0.4987637094289711,-0.01668261782575452,0.6701348150689486,0.4999842116929137,-0.2897748411210733,0.012665737004830042,-0.0552108148882449,0.996592258085858,0.05996012132101508,0.5361785431131698,0.1746788794310696,-0.2821140591142682
0.7129325358544093,0.07201573978768075,0.6688730553363842,0.1978630040912266,0.706370144624706,-0.34925939179872556,-0.026785468398205795,0.7795989011461267,0.37862904852705703,0.4986586956065631,-0.014321390966252503,0.6729181145640307,0.4999337907606226,-0.28990991466987276,0.012114101638734753,-0.05476507665883216,0.9963862236046369,0.06378501650802812,0.536089368432505,0.17512927990169316,-0.28205526530188046
0.7123163937435568,0.06962486086773936,0.6674062933364503,0.2057342304241618,0.6973984553536248,-0.3516168816386337,-0.024579137326006924,0.7829465525183135,0.3718548883142729,0.49862492784165874,-0.009582237284060097,0.6788503856492332,0.4996552687127359,-0.2899775249591209,0.010027864415302045,-0.05354962952522761,0.9959090759982059,0.07209016200133574,0.5361441921158372,0.17640462293797263,-0.28217929387927526
0.7122077164030997,0.06828231968558816,0.6668082340608255,0.20848134809358992,0.6923826930989732,-0.3525316487275606,-0.02328396845730508,0.7846072188765107,0.3682210721142132,0.4987489299955879,-0.007366068570340126,0.681671647157901,0.4994099885462355,-0.28982916334889447,0.009173625383393507,-0.053000847797724446,0.9956823173408716,0.07565366920883203,0.5362355689140382,0.17696980171452678,-0.2822702413029964
0.7132659035135928,0.06436701117915561,0.6647650519025976,0.21259366059630647,0.6821045437505714,-0.3542467180644085,-0.021433143000963367,0.7881311618670314,0.36076322011579626,0.4986868471373061,-0.003255640959604131,0.6873770737700804,0.49891483229297295,-0.2898123984812116,0.007996108026016,-0.052526676621354185,0.9951877931401533,0.08233023068341003,0.5363471969463639,0.1780816767078364,-0.2824676617833461
0.7136704756514252,0.06137209962597364,0.6639187301671373,0.21475529633567628,0.6769950948390631,-0.3555694935917894,-0.020304170819795266,0.7899187494341972,0.35693784961236796,0.4986206244837351,-0.0011016559639339617,0.6900862802196644,0.4985075043029737,-0.2901240317756867,0.0073053562285231455,-0.052202516279332235,0.9949157578150545,0.08581470687345068,0.5365105326121206,0.1786734194856974,-0.28255669191632227
0.7131554846870325,0.05478517584388083,0.6635179931842755,0.21943498328496003,0.6662880221377903,-0.3580519887012492,-0.01705034847587451,0.7934515878731915,0.34929774252149526,0.4984075732514792,0.003944071052831715,0.6959668100382488,0.4975824286698405,-0.29036055683585427,0.007051338237725119,-0.05152312038454075,0.9942794125475543,0.09329574737890216,0.5362949630068201,0.17931535467042176,-0.2823868806601486
0.7127102722588126,0.05098777658941024,0.6618615749205132,0.22667944348567545,0.6558437973634599,-0.3602452316395231,-0.015074234807064692,0.7966982241964581,0.34185556023628366,0.4983228269537041,0.009004200942656823,0.7019839216320989,0.49694497897520135,-0.29033726411721,0.006487693587104566,-0.05111079006494849,0.9936026306802518,0.10049581720718327,0.5365928954648329,0.18055322781076572,-0.28258630682347957
0.7125473448138497,0.05017273290090348,0.6607727312963115,0.23051762589268487,0.650587500342424,-0.3607861507577355,-0.014083071090379491,0.798276331445147,0.33821211077619023,0.49823416495108436,0.011409805181840352,0.7050196775616027,0.49660068276455,-0.29049282701321283,0.00590133876887936,-0.05085083384267297,0.9932507472434062,0.10407843195713098,0.5367454376319222,0.18114423120682857,-0.2826615309977856
0.7125459725084565,0.049224034044121755,0.6581954035981462,0.23797907936765064,0.6400357948241473,-0.3610752021432296,-0.012412479497356934,0.8013577986201412,0.3306072462756384,0.4982594255522464,0.016188642594911925,0.7109384365145425,0.4956548552624458,-0.29069251545518404,0.003942113828182943,-0.04995041796797191,0.992455240404276,0.11190179300387071,0.5371561726954256,0.1824898033637681,-0.28300888193285595
0.7128221072085049,0.04852695079564829,0.6565771001183242,0.24173599260663628,0.634479173791343,-0.3615212756705758,-0.011768091792553594,0.8028011155746255,0.3267178569801977,0.4984213754247436,0.0184917084692232,0.7140223687991153,0.49523095917308685,-0.29071444062458834,0.0028303786493615486,-0.04946382894661794,0.9920656470035123,0.11554683300784775,0.5374778568563024,0.18314983135077287,-0.28325973732680665
0.7127475259938291,0.04407208453811897,0.6542659813808106,0.24896714876052586,0.6232651939631925,-0.36272231643484193,-0.009266297193769164,0.8058823601481154,0.31885618842463054,0.4983481026829724,0.023098079091160476,0.7200618321582919,0.493969357880027,-0.2909527859991636,9.917073494590707E-4,-0.049000495525833916,0.9912885248305493,0.12224986091619636,0.5378158617303104,0.1843924754700517,-0.28345482875408756
0.7112721261058862,0.03841850865945862,0.6538816342507705,0.2550584035211096,0.6117730402344778,-0.3634503959869124,-0.005498753148596824,0.8087727979510025,0.3111683076408366,0.4982719873272215,0.028033413267486533,0.7259043699429074,0.4925937543651469,-0.29130624010794326,7.886980134881248E-5,-0.04853937930267945,0.9905068893416896,0.1286080269777714,0.5381055813243455,0.1854709547950012,-0.28350685317783836
0.7105175856099257,0.03595742126835312,0.653666908130609,0.25805309068046833,0.6063820862638576,-0.3633418690312282,-0.003987882215935422,0.8100713274096425,0.3078907824193326,0.4980354433076644,0.03079623060261085,0.7288516406351845,0.4920754844619962,-0.2914857764184684,-2.8155473591575872E-5,-0.04817503658095192,0.990069836553298,0.1320639383216287,0.5385845171464682,0.18626005769327056,-0.283565863264533
0.7098732741223956,0.03389895830228648,0.6533674565386608,0.26084815899095626,0.6005876897337157,-0.3632510618342288,-0.0025356679931517172,0.8111577049363382,0.30478647654155683,0.49800467544219434,0.03346228739207907,0.7317785304221653,0.49166532444234295,-0.29146598337993096,-1.3629046079881128E-4,-0.04791666075150183,0.9896306716286821,0.13540719633424,0.538879302669387,0.18683035208849694,-0.28366131074069545
0.7082619002634071,0.030474291708570956,0.6532465836018538,0.2659046806519861,0.5887065072138498,-0.362111527417405,5.27951261486373E-4,0.8134966210675131,0.29765982675990055,0.49812702971775175,0.03861783667652904,0.737977574484946,0.4906733667106879,-0.29135650218935694,-0.0010108251633270968,-0.04744362157979709,0.9887379674908767,0.14193418420483644,0.5394184161363158,0.1879868921670584,-0.283733285263498
0.7079180812487084,0.027492041540565962,0.650942142921148,0.272709560636041,0.5765302453990327,-0.3619609209831421,0.0024844326383510144,0.8161288778366361,0.29012157007036077,0.4978632834929973,0.043534816992762126,0.7438547690044875,0.48921074112108204,-0.2916371526237652,-0.0030324143314857015,-0.04661552439869755,0.9877709710444775,0.14874913818307267,0.5402597647496241,0.18922448641205375,-0.28414520210115624
0.7070138028460041,0.025318878746281394,0.6504530680243039,0.27640774819464264,0.570521937596799,-0.36190196077141484,0.003986726412708086,0.8171879386386903,0.2865672968362199,0.49797636378672483,0.04585409945884343,0.7468866720939622,0.48871347192641346,-0.2917196777354535,-0.0038129543139932102,-0.04643229496233408,0.9873094050237657,0.15182108587264095,0.5406001244681702,0.18973020640113475,-0.2842103173786015
0.7050637612290651,0.02106449236149109,0.6490930469903932,0.2848150208675866,0.5584377777904033,-0.3618056702969924,0.006626381501608143,0.8191958051307029,0.2794489025652167,0.49824566975779094,0.05077200290480868,0.7527643980015114,0.48728407510358673,-0.29159819303658774,-0.0045799469091765115,-0.04629565839097717,0.986377779502277,0.1577802655740333,0.5411287468439346,0.1908391687470024,-0.2843403930044008
0.7040678141434348,0.01938852098103661,0.6486496020437098,0.28838566557648215,0.5520509840639145,-0.361379656040213,0.00803643397311618,0.820303261332831,0.275726044794552,0.4982372080518289,0.05326717733644431,0.7556575900125101,0.4864300626377448,-0.2916629240356054,-0.004689564844527308,-0.04621128417373345,0.9858790133432799,0.16088845902010615,0.5414091978383846,0.1913384932683865,-0.2843103684786914
0.7029845194552268,0.016671388487742828,0.6474900235111504,0.29375414833789915,0.5395032442296028,-0.3595091185644123,0.010107325286110103,0.82236635576114,0.2683916601518917,0.49830546925164815,0.05806163093600176,0.7613835476337184,0.4847703075294369,-0.29162851597970163,-0.004925813534192407,-0.04579324597168398,0.9847665606423188,0.16767091585931418,0.542029989998675,0.19210576308857027,-0.28452885799096844
0.700972456302848,0.013237797513176323,0.6471488746490732,0.29943398314518394,0.5268734637114485,-0.3579556881064829,0.012699301073276747,0.8245201659853983,0.26097543205486534,0.4980908227218088,0.06295913013613816,0.766743252272026,0.48289370800814546,-0.29173560087780515,-0.005593014509646654,-0.045869833736273076,0.9837981006155608,0.1732223246781908,0.5427528644413111,0.19307020667684643,-0.28458993668334065
0.6997250143462885,0.011632036453498097,0.6472918148240272,0.3020975115552065,0.520470712574223,-0.3566982834619615,0.014136230046412743,0.8253710295626496,0.2574001716852153,0.4982236373497507,0.06542952209131209,0.7694601211608745,0.4819079601124411,-0.29167848602188007,-0.005879219547264588,-0.04591222912251924,0.9832865912355032,0.1760823145320985,0.543108588334734,0.19356573938481117,-0.2846745531529675
0.6981808162246005,0.007325040391624749,0.6463131921036087,0.3078459831669979,0.508276247703471,-0.35529275025387375,0.016254980115166406,0.8269906311859656,0.25075251768987766,0.4982581024362681,0.07034581835073964,0.7748980472915095,0.47983239331722977,-0.29149043386894136,-0.007073951324607074,-0.04605870254909912,0.9821450945058151,0.18226236163924361,0.5437261048923069,0.19461648481530616,-0.2848493156386148
0.6977117498396456,0.0034902539819096435,0.6454192750645317,0.3108377255707809,0.5021008531278459,-0.3551700216318103,0.017095298002685916,0.8279511075490973,0.24745212342021428,0.4979849539738176,0.07263191955845019,0.7775014153638923,0.4788703080917722,-0.2915911119406543,-0.00814056208775996,-0.04566248969768045,0.9814814726368067,0.18585689966796956,0.5439943272495511,0.1953127308312096,-0.28501839010047325
0.6963582141066119,-0.0033846109736208165,0.644053525153095,0.31665255216511173,0.4900163304310738,-0.3544958662368547,0.01930634049320418,0.8297475757262771,0.2406015919209711,0.49773723446239115,0.07672991575123139,0.7826869449626335,0.4769045773045498,-0.2916528941227184,-0.010501707448249544,-0.045115034661858976,0.9801476950042967,0.19278185538554918,0.5444065874861072,0.1962427083276996,-0.2850633119385832
0.6956058664888083,-0.006800554432620596,0.6433873704917793,0.31959180599232734,0.4838938361139945,-0.3539762456115814,0.020375491032645313,0.8305890261611795,0.2371600438270578,0.4976769039843725,0.07870630516738542,0.7852271655180598,0.47586912396182796,-0.29165133471317817,-0.011574574651206522,-0.04471993096018612,0.9795209035762251,0.19597182566321933,0.5447061967756223,0.1968776688982174,-0.2850797983424677
0.6938012823302239,-0.011942224738652807,0.6418246640488772,0.3264326339748748,0.47197876465322913,-0.35233376401399774,0.022377004091523055,0.8322112517237618,0.2302093768948919,0.4975652090610886,0.08280663032650737,0.7896896140675516,0.4725265837428774,-0.29212263680893796,-0.011559812683158732,-0.04511941347108863,0.9785044569500305,0.20089708058526137,0.5454936903711712,0.19792717935718993,-0.28512974811513647
0.6905268331188844,-0.014287053711763895,0.6418507555046616,0.3331608928087697,0.4607154441759798,-0.3487028890426556,0.025554858193596305,0.8333662339800522,0.2237417468739061,0.4978368084173667,0.08717145721236909,0.7947349874997865,0.4704475488394329,-0.29224246118153313,-0.01096107035002043,-0.045979728443012596,0.9774764332631739,0.20568311044952786,0.5462880355045896,0.19887790456305635,-0.2853694213130229
0.6886580091537393,-0.014384240501508657,0.6419507077304749,0.33681230514627214,0.45496442143888877,-0.346408281303305,0.027368026492820944,0.8339780361876483,0.22055998232718002,0.4978740186959768,0.08919299781903112,0.7974308523118281,0.4692986706891037,-0.291795010475015,-0.010865006958393427,-0.04630031982938028,0.9768140400157299,0.20874042070389504,0.5465635689891328,0.19938617035347483,-0.2851386303063413
0.6855069289831462,-0.013738676233892697,0.6406644158771989,0.34560180167378096,0.4442094791458128,-0.34233375644747005,0.02956836873110653,0.8354907137383121,0.21467286790180964,0.4972359159995388,0.0928831033286342,0.8018159420413907,0.46743493108385137,-0.2918622056067356,-0.01296882706403686,-0.0456868588473227,0.975075136157395,0.21673255247167061,0.5471221684996789,0.20069317392011676,-0.2853886346015675
0.6848295447010335,-0.014142860943820966,0.6395609339701676,0.34895599425730744,0.43893317053994324,-0.3405353209901798,0.029582226884295806,0.8361538649953089,0.2118224500132527,0.49697860964219365,0.09481679852168642,0.8041259038223155,0.4666652211615796,-0.29125759187677047,-0.014534565236385927,-0.04542619957256961,0.9742886345889964,0.2201973281320446,0.5477078049628482,0.20094232286623687,-0.28555162393212663
0.6834869156750965,-0.017171462871131037,0.6376177208882857,0.3549569255177833,0.42801662882346303,-0.337200036391331,0.031205478790820192,0.8372370914509268,0.20640744304282932,0.4966613207293679,0.0987803252002833,0.8086832336485231,0.4645857768368256,-0.29123094404617794,-0.016157394021860012,-0.04503560584776222,0.9729045990506946,0.22620206446970093,0.5487394821058216,0.20204012344153446,-0.2858539267544421
0.6825181922327426,-0.01988218547305492,0.6373641497553726,0.3571282074812556,0.42269034132693273,-0.33554824331774863,0.03233540815538267,0.8378291501305568,0.20348841422656858,0.49645571141817213,0.100829098316616,0.8108465316499419,0.4633246627340041,-0.29117180381822155,-0.01670051909332069,-0.04507137050125703,0.9724401200649802,0.22814442160868015,0.5492370653627466,0.20255577813079,-0.28591249335094293
0.6807528635733193,-0.02558171862465258,0.6366931454296696,0.3613072833085551,0.41199554027435753,-0.3324866933361559,0.03416781477529197,0.8390362328918476,0.19754040533372486,0.49619547455869945,0.10385585771978487,0.8146310948661037,0.4607523569453344,-0.2913096692888749,-0.017365524762277054,-0.04504372274883364,0.9713930183316103,0.2325190433647546,0.5499334011340009,0.20360324458140844,-0.28609930766170466
0.6798710024434117,-0.027955185976045627,0.6360265308732306,0.36395628808827973,0.40682485702124316,-0.3308332749513531,0.03506679252416166,0.8395910120625365,0.19464833168114598,0.4961088164642475,0.10523783380512854,0.8166884277155806,0.4596485177541744,-0.2913268733744155,-0.01787540496837914,-0.04498735759691189,0.9706355518617406,0.2356336839582117,0.550309851873159,0.20398296159159546,-0.2862953491161513
0.6774421457210159,-0.030826963153379443,0.6353903271751508,0.36932501902240666,0.39693899486003775,-0.32679924968782104,0.037301154367055,0.8406893291422749,0.18902385010980155,0.49578985356688793,0.10818436604289329,0.8207425101106238,0.4574097429805899,-0.2914177171117928,-0.01817279030413944,-0.04502902307739741,0.9690475933477387,0.24205143792221667,0.5509957814151997,0.20516219879612704,-0.28640134560497155
0.6765694559224735,-0.03123395000509724,0.6348556734872709,0.37180167498395034,0.39197136582231507,-0.3243061700365229,0.03825903123175319,0.8410375806786634,0.1866493446747731,0.49573164040206674,0.10985422487521497,0.8227861755102687,0.45640896850686313,-0.2915802376866924,-0.017623389545302813,-0.04517038060323884,0.9682619267774343,0.24518950632183187,0.5512880795098475,0.20556932741153658,-0.28633913166423725
0.6762486168028435,-0.03222464560419046,0.6321268873572552,0.3769150816403521,0.38250490180633573,-0.3200531921794462,0.03895385480129562,0.8419013918590407,0.18169470672198293,0.49529847976202507,0.11343939298343317,0.8269038641072993,0.45312484505237877,-0.2919396243333835,-0.016001917691056532,-0.04571225689117462,0.9669411967491681,0.25035784435365843,0.552051211202291,0.20630899037123232,-0.28628119621112974
0.6765183472024152,-0.034358056676295046,0.6288693811725728,0.3816618284077752,0.3741330324294898,-0.316186858955546,0.038542518246887196,0.8427480278476149,0.17694943832395846,0.4947917584171043,0.1168151258968694,0.8305775945627829,0.4505774821050229,-0.292089116920796,-0.016842799861337035,-0.04592399037931879,0.9655108926214513,0.25572646212271344,0.5529075112341312,0.20732442968436537,-0.2864299228317002
0.6759056938097687,-0.03569811105709649,0.6281480206258346,0.3838062038663999,0.369519868358676,-0.3140638298229669,0.03912608538167493,0.8430976322800587,0.1745848717911667,0.4946531451882667,0.11842622573052007,0.8326334169009334,0.4497006443126579,-0.29203623230255793,-0.017586153773812285,-0.0458726156002961,0.9647052080110607,0.2587088942610346,0.5532019682445756,0.20799132891533795,-0.2869338468572263
0.6734135130434094,-0.03975704502622094,0.6278709110499577,0.388216095594468,0.36042259467693144,-0.3103555670823735,0.04125574904464506,0.8438223916194513,0.169839862348344,0.49430212313230204,0.12158784324932961,0.8361306888181536,0.4473649618714007,-0.29190448239962474,-0.019694674603687526,-0.04526441042426266,0.9630501963300961,0.26475946119026983,0.554097910029009,0.2090728088988699,-0.2872242851768394
0.6723251777773687,-0.04170470211621737,0.6278169529053225,0.38998134159559894,0.35610244746525915,-0.3080977689330568,0.04221692836867912,0.8441998326486015,0.16721079476594242,0.49415101996111066,0.12321510516657128,0.8375438548610157,0.4464650860881664,-0.29133259118328697,-0.020404624589605555,-0.04510842933389656,0.9622289866720627,0.2677018081867237,0.5545376358804562,0.2097566182825859,-0.28716699184957534
0.6714869180887015,-0.045849028562890214,0.626272472657249,0.3934284883016887,0.3473743715022095,-0.30430091103645984,0.04304311642026401,0.8449562103832591,0.16223097705441877,0.4938852447055647,0.12572779199864503,0.8410932863404775,0.4440167217241869,-0.29141989267013374,-0.02086643565560656,-0.045044323220596,0.960659260618976,0.2732569958768325,0.5553958744455614,0.21082101205151002,-0.287326483761304
0.6712196004982136,-0.048158360084852435,0.625165188759397,0.3953650300979892,0.3428480051813106,-0.3026068068438515,0.04333653798791666,0.8453583952117192,0.15981138196657166,0.49365378371189306,0.12702538197515104,0.8429512695092641,0.4428310986936411,-0.2913502948819478,-0.020859857455522417,-0.04518287976540865,0.9598846242186357,0.27594362089326935,0.555830703423535,0.2110468299261634,-0.28748637270356264
0.6714040204534425,-0.051713540498068394,0.6219631521573676,0.39963006444282867,0.3349034541551628,-0.2990832147765965,0.042786693890222674,0.8460496762541304,0.15531565537154338,0.4932615541294227,0.12949915723515631,0.8466208039534824,0.44065768465257427,-0.29125416551253025,-0.021289817455241,-0.045519519437367345,0.9583408640261557,0.28117166528744547,0.5566619806002016,0.21181658107110599,-0.2875245726790667
0.6705157973774767,-0.05338134020170723,0.6213608166762082,0.4018329671455441,0.33060706893827024,-0.29714544277636673,0.043423587255216486,0.8462987201129054,0.15331008547409983,0.49307126991306144,0.13097792490913585,0.8483504356675418,0.43954690935778484,-0.2911632343658081,-0.021359664820787057,-0.04559779121493636,0.9575870012102471,0.2837106647065437,0.5570807259321565,0.21224881790619307,-0.2876084139513205
0.6675969200195687,-0.05328391420001121,0.6212209395071497,0.40689030608477933,0.32317630751385645,-0.29171859035242786,0.04498752298297244,0.8467504677033775,0.1489980386714718,0.4928093768295044,0.13398562618834048,0.852034128112869,0.437277603342512,-0.2910474556697428,-0.021839244920435284,-0.04566729895222155,0.9560764996300699,0.2887131310536928,0.5578965777283982,0.21327021293423012,-0.2876901658996677
0.6661180724886243,-0.05292814233958633,0.6209714347800022,0.40973137839294915,0.3193887114827546,-0.2888791916637539,0.04585321120480328,0.8470817332171925,0.14668236750240976,0.4925890988952266,0.13525087786492898,0.8535805479546171,0.43624828857792797,-0.2908424665352606,-0.022365412293405322,-0.04564625882994719,0.9551793469432335,0.2916309698246628,0.558304491836758,0.2137637919776028,-0.2877730725302421
0.6644459667491746,-0.05279267859545287,0.6189510644949037,0.4154805291684529,0.31204569814360994,-0.2842204448019046,0.04643988056553831,0.847622571662425,0.1418423230950871,0.49228079649648554,0.13811715602397787,0.8569562177264742,0.4330793230922671,-0.2907694418532537,-0.023477720267219292,-0.04545069676248548,0.9535531085247614,0.2968492884236434,0.5593786116318961,0.21481575125273666,-0.2879772555616925
0.6636071399157278,-0.05395545233712195,0.6176385177654112,0.4186132276798117,0.3083254424810171,-0.2825468080957595,0.04698880030444021,0.8477768144148636,0.13936799514698164,0.4922449313390791,0.13980687551147883,0.8583648252234559,0.43177110103942756,-0.2903642429470906,-0.02408135474851765,-0.04545402612139164,0.952943160992836,0.29875299459555815,0.5598466652464181,0.2152239371006478,-0.2880446661782719
0.6621614141814336,-0.05619989715358334,0.6158198965424081,0.42326078031358944,0.30103665759125475,-0.27846200195768617,0.04799309684037478,0.8483827620879203,0.1343945659217076,0.4918080852464338,0.1425117431267456,0.8615384844669917,0.4292109862398438,-0.2901284506502855,-0.025177164326041602,-0.04554470137380779,0.9516543347154249,0.3027306026661532,0.5607050036011465,0.21601134028650465,-0.28812882762485115
0.6620517830386224,-0.05765495074415935,0.6146108248571707,0.4249904436554517,0.29744960980838797,-0.27641787638073084,0.04874297606013407,0.8487034485345661,0.13191396223201127,0.4915175664743138,0.14391540869884445,0.8631237988178562,0.42793328562369715,-0.2900215390770369,-0.025424700869061484,-0.045475756034498965,0.9507263196280332,0.3056223247168707,0.5610373208365903,0.21637853085975786,-0.28814550589850135
0.6615948419348807,-0.06106680660805297,0.6120331140849822,0.42892724035586055,0.29057779427516295,-0.2730044054398331,0.04953721796950049,0.8493730324706266,0.1271793331132998,0.4907863633269956,0.14669565267168172,0.8663233938353725,0.42530110626432416,-0.290258524992662,-0.02603340019758283,-0.0457592347793485,0.9490920579013019,0.3105682213865947,0.5616302020458219,0.2172487172527199,-0.2879592363853243
0.6607844380646407,-0.06327473087235147,0.6100457015533759,0.43267132659893004,0.2842474808922735,-0.2691783949424519,0.05040447232711234,0.8499150043445726,0.12287297348840205,0.4900210995461628,0.14975326298833527,0.8692780901708422,0.4230378982787096,-0.290062839864823,-0.02609233017878261,-0.046127492990070955,0.9479017013789228,0.31412387559565685,0.5625664099647364,0.21811523386158918,-0.28804004315226256
0.6606530193079252,-0.0633849070405092,0.6089056621987042,0.43445809485052267,0.28088075059105655,-0.2667098828211223,0.05025661370603028,0.8501529617462505,0.12072375919525949,0.48974344499752814,0.1510532147350612,0.8708123742196685,0.4219286092218235,-0.289957871013192,-0.026268573539334858,-0.04612139255667424,0.9471338488528463,0.3164178432864291,0.5627335337570191,0.218187555429592,-0.28821825729950334
0.6598629207535968,-0.06432050869080569,0.6067924742689944,0.43845945211250753,0.2750780703006853,-0.2625577607761032,0.050193868207274235,0.8507884500556396,0.11612976591303191,0.48899271433293107,0.15348946560014895,0.8733919555900691,0.4194055048344138,-0.28982291831548,-0.027838080189067915,-0.04587632002878292,0.9455277457118113,0.32108828480831253,0.5633123094449903,0.21907946856864077,-0.28811803140990466
0.6592224260309633,-0.06494421945395133,0.6061797081216682,0.4401751956197641,0.27209199659596,-0.26045116007313585,0.050632934203907035,0.8510923043956183,0.11397664385375979,0.488567390029933,0.15476795357479103,0.874572838406614,0.4183589149353153,-0.2895249623601882,-0.02888751541287897,-0.045371839282582455,0.9447923983656775,0.3232247386012046,0.5636462432620096,0.21956781475946244,-0.288108619846926
0.6571074623014168,-0.06592465021511452,0.6055941837750128,0.44398131498936194,0.266154318144242,-0.256126527894919,0.052057095012938606,0.8516495528101169,0.10977649182090662,0.48786760195165196,0.1569310804390484,0.8775239580495838,0.41612232842290847,-0.28905564269283834,-0.030160155918568243,-0.045152680062959444,0.9434368250507216,0.32707576739390803,0.564432529924677,0.22025675613412202,-0.2879517065489924
0.6561201961611327,-0.0660419893992318,0.6048554238067804,0.4464243050251504,0.2632604631625409,-0.2540458201701973,0.05261919123942894,0.8519178666923801,0.1076996721747557,0.48752708654656735,0.15796856936482767,0.8789009324679098,0.41491766511164796,-0.28903484453238887,-0.030217353375975402,-0.0452596841862723,0.9428620596398476,0.3287090035791763,0.5647997011644192,0.22055256117781263,-0.28793414491662295
0.6544517487307817,-0.06533814539978867,0.6025662438214064,0.452037340433176,0.2577517103535218,-0.24949861128261333,0.05325912710227858,0.8522726410143514,0.10404956057264392,0.48698940651198724,0.16014478532929166,0.8814337904740653,0.41312182140607695,-0.2891277659536687,-0.029992312919596965,-0.04547697756638669,0.9417607885279476,0.3318417135749778,0.5655449665119614,0.22127550926822892,-0.28794858931077116
0.6538472767273478,-0.06504916565985454,0.6011943265449745,0.4547721698755572,0.2550546881286466,-0.24748616871496076,0.053410972907578486,0.8525797929864418,0.10195597212853078,0.48652668254944786,0.16125899511639974,0.8826937499811238,0.41182235418190316,-0.2889989154136089,-0.03018312918810484,-0.04552775846002641,0.9411739676706381,0.33347828190322715,0.5658765601260892,0.22150069500332537,-0.2879763534743987
0.6535876710738314,-0.06575316166452562,0.5968712758233199,0.4606998567923005,0.24911372547687377,-0.2445332244271773,0.05320253686741517,0.8530677763929939,0.09813992497255908,0.48566576170748904,0.1636236288296336,0.8849480758425553,0.40956203076386377,-0.28894901303896287,-0.031303099897198386,-0.045310803167096556,0.940215438137422,0.33609816563205763,0.5663271347361247,0.2218715321363585,-0.2880855105007816
0.653682119351673,-0.06629101833463082,0.595032241236232,0.4628626357975436,0.24643365210402354,-0.243020761480716,0.053011065524769016,0.853289419098344,0.09626742522289779,0.4852726336110769,0.16474289412273252,0.8862353823959429,0.40805960503815913,-0.288475826277609,-0.03203109355635106,-0.04514036896472296,0.9398048072487958,0.3371991702352882,0.5666376672267291,0.22178587759954518,-0.28843862688006877
0.6544832880160292,-0.06620254461487984,0.5933370007432662,0.4639181526338753,0.24182149113903836,-0.2384772047525131,0.05239995355861205,0.8535490191083399,0.09340686456127681,0.4848148545559786,0.16638445370252453,0.8884078128439395,0.4063544720723379,-0.2883135302417345,-0.03329469205756705,-0.044803784960814226,0.9386992178471264,0.34018798148548696,0.5673229057398347,0.22210930279801655,-0.28856804902534217
0.6546784620567347,-0.06719690903348437,0.5929400707742143,0.46400728356960524,0.23945347080400078,-0.23622045366057007,0.05222705286734653,0.8537049571559245,0.09186798364063453,0.48448968210657734,0.16738538658279892,0.8896282016714295,0.4057063799541114,-0.2884283183880943,-0.03349361358260414,-0.04471234067056948,0.9380826680703441,0.34187701342290144,0.5679096478565663,0.22210742449718637,-0.28848844232101484
0.6538171192430464,-0.0714097603027439,0.5924183923183228,0.4652572075327823,0.23388415150072447,-0.23344265185359278,0.05274363988583703,0.8540272265622452,0.08865264289476384,0.4839509844232246,0.16902558940576184,0.8914115707051007,0.4038539189014866,-0.288370245221885,-0.033421134104760324,-0.04480789145801558,0.9370854779652166,0.34459554211414306,0.5686823677527885,0.22224026139135059,-0.2885162357546772
0.6523664500147734,-0.07319361628454348,0.5928858090780403,0.46641947517678833,0.22911323339784204,-0.22974178828615452,0.05355011755182523,0.8544535971686273,0.08528245617967178,0.48323279972520417,0.17065173372484702,0.8931840224065567,0.4019590747143471,-0.2886294960526142,-0.0329421106951422,-0.04488634098809182,0.9360348934447486,0.3474747645362579,0.5696754412583829,0.22268704412532625,-0.28859700922987797
0.6516679358259911,-0.07400849649056952,0.5924521363007399,0.46781632085273245,0.22670820028669647,-0.22786877232412195,0.05386551050928973,0.8545242526836514,0.08407031670935185,0.48306584349956755,0.17137057585212126,0.8940214743871137,0.40117286776995,-0.28862058004747443,-0.03325722453067036,-0.044660235879912316,0.9354874494474967,0.348945056239352,0.5700853193655767,0.22283587852416595,-0.2886197703325712
0.6486267538818747,-0.07520487269715577,0.5926325729277223,0.471608094477114,0.22184825516151332,-0.22461850275395134,0.055308643988033035,0.8546579914903797,0.08199295489473535,0.48269054719620336,0.17276199980519402,0.8956285709708969,0.399730778341591,-0.2891967188115511,-0.03409811605234209,-0.04455831800297084,0.9346248305273405,0.3511812935510193,0.570452134762504,0.22299733497158972,-0.28905970813008236
0.6467797679419838,-0.07605870148577025,0.5928812264162181,0.4736906765732392,0.21970879493001985,-0.22293722596538296,0.05638762428441374,0.8545837165930051,0.08112091666051265,0.48264348097064586,0.173670200353377,0.8962790952295261,0.39899936460907137,-0.2891485744109782,-0.034491033575555774,-0.044598431954104595,0.9342182097121311,0.35221823506511657,0.5709765505870461,0.22273176067617376,-0.2894047889434866
0.644709187713461,-0.07775265208614156,0.5914274796328942,0.4780356939669916,0.21566149081966152,-0.2205102750316825,0.05717759135385357,0.8546235678780626,0.07918099540037268,0.482366381800868,0.17513309482538125,0.8977482607623393,0.39711123898024214,-0.28910709445034843,-0.035554581012820746,-0.04441689238270026,0.9332157387175601,0.35478359100993506,0.5716936004614248,0.22287856594402305,-0.28935111727605267
0.6453666652960147,-0.07758245043674641,0.5881599382759676,0.4811971713509353,0.2126646786119966,-0.21743858132349067,0.05637253499990476,0.8548527240680123,0.07691526289297461,0.4818182905349013,0.17652761085345578,0.8988817501017071,0.3955518172281336,-0.2892407124812266,-0.03649054051487569,-0.04440172548221928,0.9323228461013102,0.357030864022547,0.5722087483968877,0.22324362088236596,-0.2894576173941321
0.6464894274527058,-0.07743515083343935,0.5866552950792926,0.48155039441651726,0.211573643799175,-0.21569575712817918,0.055137869560848554,0.8547348562874333,0.07594750717547702,0.481963169917232,0.17712087523627779,0.8995540344857873,0.39495477902867915,-0.2892896927268508,-0.036899691058085736,-0.04431702850138083,0.9319146656323086,0.35806349962548273,0.5723930264302483,0.22318177014357726,-0.2891938288144607
0.6462575787026184,-0.07798424169573193,0.5860565827133939,0.4825010692991981,0.2083452980872863,-0.21162719986518744,0.054292546171584966,0.8547034337899487,0.07382975022446213,0.48194136787128306,0.17822380925067538,0.9009848934538622,0.39358113181765364,-0.2893194839894867,-0.03715394860039998,-0.0442088963780786,0.930909929426378,0.36065476688906717,0.5730499843829137,0.22342583625879142,-0.2892835897249435
0.644531594103089,-0.07983798772520712,0.5877819305982194,0.4824078378106543,0.20562692195043672,-0.20800895977137962,0.055098594323102296,0.8546873229067149,0.07248458845518953,0.4818260354696316,0.17916259666194906,0.9023565911734674,0.39235047877246854,-0.2892233618835567,-0.037384512500916664,-0.04406158874266816,0.930123840513492,0.36267149864715437,0.5737654779049082,0.2236477886222934,-0.2894623847367504
0.6436260543227144,-0.0804533610406863,0.5881949184041265,0.4830108661901865,0.20425716308887087,-0.20641113939319808,0.05548354866958191,0.8545902306207209,0.07204087779505308,0.48184175016402936,0.179761445958266,0.9029824891519961,0.39185929403511127,-0.2892804893927795,-0.03765014383649674,-0.04409262020918525,0.9298273550331851,0.3633997762026977,0.5740728649371565,0.22372157628845077,-0.28955645267809293
0.6422493558436015,-0.08014506831647217,0.5884328178705039,0.4846022614433463,0.20213213197341667,-0.20271286249308684,0.05578079770097974,0.8545396700390808,0.0707026718111425,0.48154194830137037,0.1813296350693541,0.9041568029745793,0.3904173843940802,-0.2891160320920431,-0.038317429572466734,-0.04407098534312668,0.929158893120563,0.365038729694282,0.5746623662346274,0.22395955106421128,-0.2896508413848425
0.6421515915937589,-0.07941943427879955,0.587962459156002,0.4854215008584441,0.2011606677343015,-0.2009417628376209,0.0552379155608509,0.8545270255465555,0.07007706371169917,0.4813873606330305,0.18204114033609983,0.904651031329825,0.3898439613799926,-0.2890482411232316,-0.0388326889859303,-0.04389201970250378,0.9287452637456911,0.36605702826541064,0.5748668506261977,0.22432570054807585,-0.28961074030067036
0.6426720561933225,-0.079355637792977,0.58658183515326,0.48641243981517435,0.19910455155242476,-0.1982506519825813,0.05458283307847751,0.8543477019537083,0.06909242229346739,0.4814607312307658,0.18306229986202846,0.9060192481433645,0.38909649014496284,-0.2888362048812174,-0.03975170811330129,-0.04354168247319182,0.9280733786683194,0.36770059477331385,0.5755363774801396,0.2245771834358349,-0.28963064045252457
0.6424284394606886,-0.07998386607288001,0.5863559568507306,0.48690345368030025,0.19823772000089077,-0.19733395623620664,0.05431617219714697,0.8542536187139514,0.06867667753637313,0.48155977380511683,0.18339698233462992,0.9065111471623332,0.3886728574821462,-0.28884505971057056,-0.04003435641369114,-0.04343702463331757,0.9278220985128415,0.368315935996222,0.5758711266253124,0.22464821398930082,-0.2896707605540788
0.6418995849212203,-0.08076647169061285,0.5872387761279944,0.4864075654636859,0.19704948010048506,-0.19475691499559106,0.054384625567655394,0.853916893221314,0.06770478145084954,0.482141746711931,0.183797002471531,0.9079271303955827,0.38790050162876594,-0.288555414869924,-0.040344463062115976,-0.04348369124466965,0.9272998827872301,0.36958952944957346,0.5764344004247343,0.22473990539035782,-0.289958156910519
0.6412328272596138,-0.08085808649103263,0.58811496641737,0.48621313985694237,0.196370119122009,-0.1933307366210023,0.055496920485745026,0.853693261567078,0.06701913997136981,0.4824311843762243,0.18432688999116728,0.9085906340206219,0.387399886444845,-0.28835190347762574,-0.04038076687796906,-0.043618577484240396,0.9270062284892322,0.3703056382324848,0.5766557447058762,0.22482021421463633,-0.28987930431971914
0.6389886135305033,-0.08267812664459837,0.5910678967991437,0.48527994037085626,0.19505135271808519,-0.1904951765674626,0.057537553639884165,0.8532722945858116,0.06547911226142934,0.4830558480999684,0.18519158935043326,0.909452070497843,0.38642103643916403,-0.2879712384664376,-0.04078088944982043,-0.04368412371164546,0.9264101549597866,0.37174297730906924,0.5772462353782523,0.22502986323892418,-0.28999613063545454
0.6371836375833244,-0.08329161166640982,0.5935910662723648,0.48446791995315014,0.19479499820840893,-0.18857044917278046,0.0589498760698933,0.8531679921619308,0.06468098489285605,0.4832628000800608,0.18541254920433264,0.909821088354488,0.38600991724991246,-0.28794658927376116,-0.04139697946628523,-0.043286793579965774,0.9258701000033012,0.37306447366710005,0.5777524956721939,0.22511070882760364,-0.2902017988726492
0.63439189000973,-0.0847972661318723,0.596777324316094,0.48395576112757127,0.1938421731737225,-0.1865454526290177,0.06073337471490769,0.8530242061581705,0.06321643679895934,0.4835679884496709,0.18578317031799413,0.9109968801430172,0.3852249829408397,-0.28802585683867,-0.04278409773590188,-0.04251989482102411,0.9250256257448438,0.375085551895423,0.5783141500613096,0.2252376024884811,-0.29040414747749566
0.6342410039933544,-0.08722875176322478,0.5969162207241424,0.4835499138204231,0.19235828442847314,-0.18586823142529257,0.06075871708644426,0.8531051920343584,0.06227188406909025,0.48344100526079103,0.18606057672420023,0.9120016766693256,0.38464188872091076,-0.2879196767925177,-0.043184319090604655,-0.04228443844653296,0.9247501209824417,0.3757450659594904,0.5789481176157915,0.22539315595268988,-0.290474741317603
0.6346688407534101,-0.08950521894918563,0.5965155833353741,0.48306670056591494,0.19036238078874806,-0.18570449933268868,0.0586559177030575,0.8530369963633846,0.06198287481008408,0.48329249427074616,0.18685387618985386,0.912754802792457,0.38405737716581173,-0.28752860756262943,-0.042368498835471294,-0.042790822387092455,0.9247853375412208,0.3756939383256471,0.5794620280212912,0.22521728438370978,-0.2903516190275271
0.6353535556557035,-0.09058285977821422,0.5951290830882576,0.4836754896545667,0.18975785654350616,-0.1862848656575564,0.058010399693786775,0.8529691493724574,0.061710724702583236,0.48332598684506606,0.18716678956415236,0.9131209674788445,0.3837952601998958,-0.2873754799629268,-0.04157598121509482,-0.04345035091292348,0.9245931954814931,0.3761793822910391,0.5798255560497244,0.22525345385841977,-0.2903099214991726
0.6370381523093585,-0.08866403139173722,0.5933438443750222,0.48400843420534845,0.18975091115554157,-0.18546429624382618,0.056738964101711004,0.8530515368472721,0.06096560702877932,0.4832557162571058,0.1872169408652734,0.9144207727577061,0.383384256135179,-0.2871634158464881,-0.04243347523316157,-0.042955163948922126,0.9235254465282822,0.3787545427905716,0.5802262986401018,0.22552944823737447,-0.29038304616116173
0.6362967173617851,-0.08655936468926716,0.5950375812971055,0.48328484427229623,0.18998375426791014,-0.18362692172174142,0.05745043868365526,0.8529440481211272,0.06006271182234098,0.4835023772958408,0.18736160912140276,0.915366257654858,0.38311671856276674,-0.28710927097919703,-0.04363805902820981,-0.04259909136129183,0.9230710697203254,0.379764186653793,0.580986828191668,0.2255180330759966,-0.29071703802270044
0.6352273084128133,-0.0868629952028429,0.5959705486902012,0.48348753014416423,0.1900402255708885,-0.1832749015541612,0.05909294060229036,0.852848191403394,0.05963116666467478,0.4836277450094583,0.18761207487588905,0.9158372410466585,0.38287169433495194,-0.28692655024036035,-0.04383771707013252,-0.04248960410595405,0.9228787559271313,0.38022058066783915,0.5814217765515833,0.22552773728015557,-0.29070727893304654
0.6358485762975243,-0.08571661006267133,0.5955159380274889,0.48343564032352365,0.19020083364291188,-0.18303714256137615,0.05862042365665778,0.8526595604762905,0.0586051561091,0.4839927409853242,0.18785136752049467,0.9168269413365355,0.3825157949424435,-0.28660371230580983,-0.04416909317828597,-0.04225984808920745,0.9230828215210172,0.3797121291980059,0.5822455097977741,0.2253850091386812,-0.2908930140069713
0.6367675373277724,-0.08448397689268616,0.5953995573700098,0.4825856692210374,0.19071188536467973,-0.18233675255862783,0.05813294826018442,0.8526914187998513,0.05808590979120409,0.48398715494422734,0.18788242397259203,0.9172625537671216,0.3822406690349559,-0.286668984766736,-0.04424095636597903,-0.042192964415326994,0.9232226888387892,0.37937100356635944,0.5825114402242009,0.22533208686983122,-0.29089744394418415
0.6378285932180033,-0.08386405985685792,0.5969217185434388,0.4794016761224517,0.19172730754408696,-0.1813012253322472,0.057971637052419006,0.8527243875756517,0.05729059704688258,0.4840164285052089,0.1879015786543671,0.9181771884058961,0.3821244497885956,-0.2867306845805408,-0.04378755220333048,-0.042408339008065614,0.9229826540008211,0.379983162085135,0.5828014288604761,0.225690816611351,-0.2907766450536202
0.6385474324391781,-0.08447738312681426,0.5976673338682486,0.47740392362463707,0.19164805350443154,-0.18026418999585186,0.05720812533845186,0.8527717624369922,0.05706296465487057,0.48390434445880537,0.18804447524135617,0.9185249535711126,0.3820325720706195,-0.2867010703346996,-0.04330534548808159,-0.04254746007160206,0.9227815046296949,0.3805110450525314,0.5828614025994947,0.22567369339876936,-0.29081515256979945
0.6394262834388406,-0.08728651557588277,0.5984335798475794,0.47475503447254097,0.19155294800329217,-0.18099339976339368,0.057909439995800886,0.8526547048335766,0.057045313285538114,0.4839669415898686,0.1884191763209626,0.9190713616150306,0.38187390098959617,-0.2864372143863214,-0.04247832610675673,-0.04296493562697513,0.9226156897727354,0.38095917773813753,0.583443215829761,0.2256486733190283,-0.29079518579220204
0.6400195795353606,-0.08797352311537886,0.5980933987408016,0.4742571912208866,0.19166054728985005,-0.1813597730938783,0.05766415613923301,0.8525768212076346,0.056955485800308306,0.48404310877821066,0.18860303661675584,0.9193528380641243,0.381820102259033,-0.28631302206767234,-0.0423030752445775,-0.043129734132779374,0.9226088506046789,0.3809766195508599,0.5836683158788937,0.22561659687189542,-0.29065942346286994
0.6403942014148659,-0.08770909665127818,0.5973820840605435,0.47469677353265693,0.19194120615880444,-0.18165436392804735,0.05737539871408618,0.8526132631693862,0.056444595998442926,0.48410295350050847,0.18843821656529228,0.9196108830342339,0.3816169620140797,-0.28627044192772755,-0.042506828951782205,-0.04288920574431145,0.9225254490329224,0.38118300251938175,0.5838706846434574,0.22569931105031923,-0.2906221652081403
0.6401303654007995,-0.08781996738908836,0.5969523749368129,0.4755718985357705,0.19201341022998764,-0.18215855141809328,0.05754695399343096,0.852628419113459,0.05633378071307451,0.4841477648336625,0.18828761477384373,0.9197988510095595,0.381634224298744,-0.28636614841176106,-0.042786289145785174,-0.04251632857169623,0.9225023577870365,0.38124938707265527,0.5839964282719423,0.2256367627155702,-0.2906756891411065
0.6401329598862872,-0.08769941881764608,0.5956188451221636,0.47725967453956153,0.1922408907199478,-0.18326056088312886,0.05722421161128486,0.8526787626024764,0.0559969312720662,0.48401777083196407,0.18849421480161507,0.9196803979816367,0.3820779955539456,-0.28610190685738773,-0.04355910272793321,-0.042183853296315264,0.9225872069335205,0.38099340242741464,0.5845059696509071,0.22559261893465127,-0.2904799762692769
0.6409446329713984,-0.08693349379505265,0.5939288785411164,0.4784151255516873,0.1927321425300607,-0.1837521502394186,0.057008303642670496,0.8527475836782958,0.05610640371545724,0.4838634914001902,0.1885464178470764,0.9200352098805451,0.3816757237441389,-0.28580774977992385,-0.04309629762304672,-0.04240053530985145,0.9229393607651456,0.38016817342729836,0.5849857984341498,0.225655352701133,-0.2905849677604065
0.6417460175283038,-0.08759579405103052,0.5917507177823335,0.47991677805138744,0.19320862166481623,-0.18494654481825207,0.05623368396262982,0.8527856668048572,0.05661496431988195,0.4839854839955319,0.18790796574084984,0.9204923108443519,0.3819038232081137,-0.2859366131669278,-0.042453009471958326,-0.04251742196954274,0.9231944832508361,0.379607635475183,0.5852660255532466,0.2256594489249936,-0.2904632892824382