0.5750557553771374,-0.5484600885505155,0.6063683583636883,-0.028632559265918442,0.5193568513805468,-0.41777536509684043,-0.7605552694966524,0.6663989519112665,0.2770397710124871,0.6917097343323267,0.026439470471554358,0.7687897998374646,0.1810866574255868,-0.46809503919969453,9.961874227379442E-4,-0.19056754458156294,0.9577311672451915,0.2154855676140182,0.6268815749724477,-0.04588526634227586,-0.5046840396675846
0.5770523036816151,-0.5492457893510007,0.6037173131933412,-0.029412708929140406,0.5200920733531383,-0.41715250101014256,-0.762114252980517,0.6660373427380399,0.2763514687629155,0.6923324485132594,0.026455708772688262,0.7693317292349776,0.18130884077681603,-0.4686552651209207,0.0013967691380600347,-0.19074847576261023,0.9577558317834547,0.21521346313601933,0.6266734696324485,-0.04573197118349743,-0.5047249101240563
0.5793774113038597,-0.5486287091916023,0.6021198690103241,-0.027928803493612098,0.5204467191787445,-0.4165516493704478,-0.7627187548106373,0.6655085784591243,0.2772118631192232,0.6924567492435103,0.027487549370490513,0.7696113048888339,0.18178961200122065,-0.4690936946948119,0.0030202356554675028,-0.19093632675287753,0.9571607491063038,0.21766372613038526,0.6262513058633241,-0.0455176542440639,-0.5047036986158813
0.5806241772000913,-0.5471521361706807,0.6022560534571845,-0.02806689880900179,0.5212697278379219,-0.41556433226934164,-0.7622256600398875,0.6649805645446847,0.277789752628533,0.69270165292012,0.028251055805840974,0.7697464095877842,0.18227852400699732,-0.4691192006081793,0.0033959787163328654,-0.190849234233721,0.9571115599988348,0.21795067982816055,0.6259280200446521,-0.045335904209263235,-0.5046260939204273
0.5819625357267791,-0.5461265643996177,0.6018567171870658,-0.028876887719003874,0.5220869396517618,-0.41482719211610103,-0.7619600127095807,0.6644579305465186,0.278110183119461,0.693036145230749,0.029176805561987637,0.7698283688036986,0.18250272871226755,-0.46881893010403797,0.003290332582652891,-0.1909598839813061,0.9571744042145335,0.2175790806532069,0.6256882732530608,-0.04511147025778652,-0.5045774862060672
0.583742696171663,-0.5451246643390288,0.6009548792377878,-0.030607157917628053,0.522664260406902,-0.4136194194329954,-0.7616729810933769,0.6641013949076988,0.2780791559090284,0.6933699511864969,0.029655203964995318,0.7697772128741717,0.18272106380335043,-0.46894869189597727,0.002604898006797557,-0.1907983522712273,0.9573016208148885,0.21717000267566036,0.6254874913430187,-0.0450642917169275,-0.5046524470380271
0.5872460615240448,-0.5459106757086729,0.5965885740965463,-0.034722768167987125,0.5234465266169598,-0.4116300200724946,-0.7626649707546056,0.6637914512064995,0.27720444917419956,0.6939842906417376,0.030404062322037836,0.7702204516780923,0.18300624441983607,-0.46931826224479,0.0022088556909084303,-0.19028852384225126,0.9569350226775163,0.21922764657692073,0.62486119067264,-0.044876757017197164,-0.5047715745917163
0.589689611689641,-0.5491695823395619,0.5909830658707422,-0.037655644362162136,0.5226529381748215,-0.41105001989867185,-0.7639621046987973,0.6627228127343596,0.27442252353135776,0.6960411780924141,0.03189718576716019,0.7706853161525543,0.18243616320773623,-0.4686134116629376,0.0016165301288151857,-0.1892480182526138,0.9562659358114503,0.2230202556371336,0.6242850083051324,-0.044584345468811355,-0.5045209624879907
0.5904345389933024,-0.5514551619779061,0.58810991597244,-0.03756309660527789,0.521588596592342,-0.41134393179465517,-0.7644536652172728,0.6626031236390744,0.27322391808935337,0.6966129083552288,0.032190791237767274,0.7709476353721096,0.18229005773558307,-0.46891730992491654,0.0016496869741569713,-0.18897638765188046,0.9561455928860957,0.22376507468197596,0.6241025346540985,-0.044437099615109124,-0.5045033800435506
0.5909818396697135,-0.5535220237859695,0.5856432170879495,-0.03709254161368142,0.5203533976320425,-0.41161950926112173,-0.7643476203159245,0.6626438409110321,0.2721503142856742,0.6969823806090536,0.032448538602225026,0.7714543561258002,0.18225750905190807,-0.46902168856564613,0.001770222512134708,-0.18876111267342685,0.9560678991962228,0.22427724088963735,0.6237765978876919,-0.044161790203200685,-0.5044269233489556
0.593960252259142,-0.5538899877810736,0.5822574404158641,-0.03732791519098007,0.5182919806881825,-0.4107501025108007,-0.762538793795673,0.6626995715591119,0.27113140302324706,0.6971919286338601,0.0352200908263092,0.7727915246215626,0.18180410949178064,-0.4697429030438987,9.86500470222522E-4,-0.1881801755465378,0.9558023203900614,0.2258963759892373,0.6230831565920701,-0.04343500471758106,-0.5041972628767641
0.5956893669695918,-0.5535275774941198,0.5808930899309679,-0.03639528957585772,0.5169775859214211,-0.41016278941906703,-0.7612604459553948,0.6627420908654053,0.27062252610325804,0.6972441914788822,0.03724119774929907,0.7733605692619046,0.18164224760400632,-0.46965248017252403,5.724005637171084E-4,-0.18763942184398016,0.9556429536558696,0.22701908478261748,0.6227050068889444,-0.043046784691542855,-0.5041014998497482
0.5971495550376407,-0.5536226112074697,0.5794238804769495,-0.03438575302657296,0.5151381697060378,-0.41003594012623057,-0.7598391723565369,0.6629440419571137,0.2701889363559321,0.6971018262538158,0.03939771234487663,0.7740517250799998,0.1814495889319824,-0.46995017265584726,3.0044466263577305E-4,-0.1873001558882925,0.9553402470684118,0.22856853166718288,0.6221850300565125,-0.042690795001280715,-0.5038349895556483
0.6007781589126586,-0.5524890691849433,0.5771147670843838,-0.027567695184920984,0.5105691894984905,-0.41022076164297483,-0.7556802271498999,0.6630844420232759,0.27016874897395626,0.6967181914432186,0.04372220873445291,0.7754957644399714,0.181644296576277,-0.4704769413506757,2.6266742759564407E-4,-0.18598114349816017,0.9546765825387655,0.23238667780456584,0.6213745586366941,-0.042433785942863685,-0.5035129534294648
0.6026392942071938,-0.5517623007033718,0.5759923842392184,-0.024839844975317465,0.5089050535618886,-0.40982679190516313,-0.7541371822094911,0.6631514201829467,0.26945449550413586,0.6967976631829338,0.04579831159284733,0.7762461612097082,0.1815325423356076,-0.47065572666188826,0.00111849581947291,-0.1852493539431718,0.9541719039305955,0.23502638911450283,0.6207411620765101,-0.04224326991315816,-0.5030024744219431
0.606004219820021,-0.552241039967374,0.572148538899816,-0.020851109584068647,0.5037759790833236,-0.4089877386386179,-0.7507625602082002,0.6636821895851003,0.2669728511773283,0.6969839437752029,0.04964705511246414,0.7778733282942127,0.1806983107371005,-0.4708732371919607,0.002224973180034104,-0.18397744017034579,0.953425695795115,0.23901212019543222,0.6196497510964788,-0.04149166834798225,-0.5022924325794171
0.6073470028357932,-0.554008603441491,0.5690527465392733,-0.019571844964060336,0.500687846533376,-0.40833851955825995,-0.7494994100232756,0.6639146581447843,0.26558346271253447,0.697183500293118,0.051165593450579146,0.7782775583791403,0.18030166909916961,-0.471250825129429,0.0031043186030002205,-0.18328768959838157,0.9529934470046164,0.241245675637839,0.619070705143805,-0.040742142313658455,-0.5018899185069691
0.6088782658468705,-0.5555475182161117,0.5659233316437104,-0.01910484452985127,0.4977785658908155,-0.40771023331374284,-0.7481462396895605,0.6641269527673009,0.2641479288650247,0.6974409299369658,0.05232027841093085,0.7791648515738092,0.18021207942800596,-0.47141667332397874,0.0037127900659693867,-0.1827703194329073,0.952453129546034,0.24375040829152447,0.6186015948219812,-0.04027703811480906,-0.50137145613764
0.6102044105222131,-0.5571617973488758,0.5628909077508829,-0.019368400181632536,0.4947337173543364,-0.4068867567081533,-0.7465272372602937,0.6642583847133173,0.26277525709935096,0.6977170421598009,0.05385992642218634,0.7800050654687899,0.1799946817619419,-0.4715113424248848,0.004347868511318357,-0.18227016135211035,0.9517389998080648,0.24688369845825886,0.6181473832258136,-0.0396902667694608,-0.501010107055984
0.6147653933616133,-0.5590736795930349,0.555987559487395,-0.01944133756961781,0.48843364576199433,-0.40402260878183394,-0.7436739816186818,0.6644908048641794,0.25994190952073404,0.6982233020853211,0.058020637283124676,0.782568178548554,0.1794743770100095,-0.47121844443684724,0.005042754524432045,-0.18072320608646134,0.9505504374652198,0.2525223935482079,0.61745280320823,-0.03880894222567297,-0.5002053976040484
0.616135089404051,-0.5602409697825456,0.5533041245537347,-0.019030321437118747,0.48480209792481316,-0.40300953023396147,-0.7413884482863841,0.6646618177507398,0.25879398669216735,0.6982998960484736,0.06022952477769994,0.7835701634124049,0.17925978749218194,-0.47134392503130185,0.005365480905382294,-0.1799187605214174,0.9500502499213205,0.25496073001842307,0.6171192416126303,-0.03818028300167774,-0.49972250296130366
0.6177143268317147,-0.561059244458203,0.5507391102774656,-0.018109860452740555,0.48099609532231885,-0.4019029871198452,-0.7388833316819928,0.6648796509414368,0.25762389245287853,0.6983108824429952,0.06266491253569369,0.7846965580782727,0.179050688431322,-0.4715274372962384,0.005469761324649292,-0.17917178147402654,0.9495160993681538,0.25746209716220614,0.6166509411215698,-0.03762798939596803,-0.4992520209868252
0.6197874213360296,-0.5613127144865833,0.5481842308941469,-0.01690082567010144,0.47717908321948554,-0.4004766322126942,-0.7361569716287305,0.6650532915275396,0.2566913071934375,0.6982510928554762,0.06526180786526743,0.785573288711076,0.17893222387277724,-0.47145407847994053,0.005810328312628038,-0.1783257744568677,0.9488602766857681,0.26044257251276237,0.6161954807714978,-0.03706591985875839,-0.4988033427632297
0.6228037982856612,-0.5613916932864963,0.5447278553525348,-0.015045236884213692,0.47359626160638835,-0.3987469871013439,-0.7335204082033993,0.6659761995446879,0.254543929901471,0.6978763798676896,0.06820298976655878,0.7869364440594482,0.1780728015521256,-0.4717128573700727,0.005917341916146068,-0.17719371874573112,0.9477454237247497,0.2652281714119014,0.6156262977524052,-0.03659512810574764,-0.4983452226721514
0.6266685794376579,-0.5657768905382222,0.5358123278860792,-0.009388874468716432,0.46354487759708723,-0.39713385056134065,-0.7299294351202503,0.6680530794319887,0.2501274997446434,0.6969591615214642,0.07341147120326805,0.7895591238116453,0.1762037412340265,-0.47246742308221573,0.006076610508295567,-0.17438273403777407,0.9460658224010943,0.2729710544339504,0.6143503171823652,-0.035289130372842856,-0.4970842765384722
0.6288440043567307,-0.567802262452933,0.5311420476145815,-0.006628287389086871,0.458393390451719,-0.39624869187642475,-0.7278290654941866,0.668844862720063,0.24953946464704346,0.6960668504964395,0.07659990102222247,0.7908007817964122,0.17578691366473104,-0.47311859725880767,0.006399846880797047,-0.17326156259254152,0.9453863026751783,0.27601487568978855,0.6138146966758098,-0.0347083626879375,-0.4964439059719945
0.6317476681344054,-0.5685245539263283,0.5269301967045816,-0.004391262971106577,0.4537013079285667,-0.3945322056066196,-0.7252516063879493,0.6692658811044495,0.2486730561187858,0.6956400447929231,0.07956016359038079,0.7919960652396693,0.17544498051301471,-0.4732913991359703,0.0067816577341479126,-0.17226122581179762,0.9446989418256295,0.27896951179964025,0.6132295039398277,-0.034150318021985766,-0.49580673088980465
0.6394838306518504,-0.572280741120732,0.5133607030678865,0.003996526340016723,0.43771605621320836,-0.38938171540791594,-0.7164309508022764,0.670892651892879,0.2456236456147028,0.693856397193796,0.09019631048068628,0.7961389985494517,0.17375826527207108,-0.4734808516013969,0.008906632930645387,-0.16987763052932825,0.9415967514296028,0.2906162766136793,0.6109629212500025,-0.03203101363415985,-0.4932829398124482
0.6418205887434278,-0.5740208536298039,0.5084488144048984,0.006796660459678527,0.4322223288536517,-0.3878685199528794,-0.7137607759708294,0.6715821508923738,0.24391263905394747,0.6934134160719979,0.09306918675842071,0.7974281097011738,0.17305144389140903,-0.47346983145925836,0.009315159805661713,-0.16894997723445085,0.9403130500928627,0.2952634430730143,0.610136420755845,-0.030974057258994207,-0.4920556992162623
0.6437032690259237,-0.5760625710637081,0.50369831213136,0.0092750213384577,0.42644921032681193,-0.3861001680315351,-0.7101778274686561,0.6723885718524667,0.24187723044814827,0.6929645021386273,0.09586038080822651,0.7987764218487425,0.17202331921099515,-0.473442111140734,0.00982600010345588,-0.1678876655837222,0.9390409584408682,0.29986540286813823,0.6094951200441929,-0.03006093021612877,-0.49113397581374596
0.6455431617991536,-0.5784883755639868,0.4984909462964039,0.011489214603581627,0.42016153742106377,-0.38406805483629725,-0.7060509197288941,0.673387927683536,0.23875879240763914,0.6927943059747719,0.09787230204226996,0.8002237118650387,0.17081528709368585,-0.4733951944667022,0.010619153470425517,-0.16669616009170954,0.9376290612654065,0.30487926669552856,0.6089247947261877,-0.029094216592390924,-0.49022836855101193
0.6510025287018506,-0.5821163725175489,0.4868316354720541,0.018198768486125227,0.40720966508488726,-0.3800767322103403,-0.6989182822584254,0.6748519466102613,0.23406112618805214,0.6923764388560751,0.10200542280144503,0.8030197981158926,0.16920189605882913,-0.4732181184173133,0.012712752417070221,-0.16455990753428973,0.934834120567404,0.3143940040478775,0.6077392187781611,-0.027305794023676538,-0.4881678807641028
0.6538390709410468,-0.5832425132042758,0.4814893593989563,0.02215032477621985,0.4007454009848121,-0.37811636826282946,-0.6947627608287513,0.67627801290318,0.23075552126209947,0.6918662621189776,0.10354232956765676,0.8046001754328801,0.1680599150110488,-0.4732583960634479,0.013651101943710905,-0.1634545257863397,0.9335170620658342,0.3188136763811411,0.607232435612567,-0.026269467055214078,-0.4871227409954513
0.6587931376413062,-0.5850558614454411,0.4719336325983447,0.03130315012241279,0.3869847786504613,-0.3741024798481087,-0.6842401221464911,0.6791363192949802,0.22531934380447505,0.6900967083373521,0.10849694126536076,0.807713806937897,0.16568745029703288,-0.47324338968972235,0.014842096985206575,-0.16107249907009175,0.9310133557845853,0.32718418902985213,0.6060036860711172,-0.02446978281435845,-0.4852664196772839
0.6615326373305875,-0.5857358324874204,0.4669023942843321,0.03592016840528639,0.3797697181664701,-0.371864210865397,-0.6787145420398635,0.6802857055907624,0.22333476686044682,0.689206321362049,0.11102966844434134,0.8093849720778084,0.16539687391733826,-0.47348550018015423,0.015318851777514575,-0.15977596704833202,0.9296095541374425,0.3317575168558714,0.6054770773116593,-0.02354154699631176,-0.48427873720337095
0.665016519207713,-0.5867541472391269,0.4602016933055126,0.0410731220785736,0.3717360248994836,-0.36940073950925795,-0.6731131937761606,0.6825000268105502,0.22021515609339207,0.6875385400481991,0.11397260363241805,0.8111603977777747,0.16399249493885001,-0.4741316697963221,0.015827621417261573,-0.15834547689639292,0.9281342157683046,0.3365160826273836,0.6048915081659033,-0.022659747896053694,-0.48329823035872
0.6706884059338697,-0.5896153824947038,0.4472865994982086,0.04965340653810165,0.35632210064719616,-0.36465810431933926,-0.6626832027095526,0.6876580180601676,0.21341982958300532,0.6831648110512571,0.12191910219331271,0.8145758166070857,0.16022722984033178,-0.47548339492831543,0.017415827363054366,-0.15579115807629998,0.9252880382054104,0.34535177772307557,0.6035537542326935,-0.020675073425321867,-0.48131810741370434
0.6736486744378654,-0.5912475457489966,0.44026419246436427,0.052832224140162844,0.34830675835272656,-0.3614583718666422,-0.6560070194355995,0.6897589860068243,0.2115575986574826,0.6808123809394623,0.12637414938450692,0.8162533306781933,0.1589164646184671,-0.4760067381877746,0.01851838655448137,-0.1543671610236318,0.9239550608723804,0.34947803142005757,0.6029027740052955,-0.01971856280169853,-0.4802994492130467
0.6794922208547342,-0.5936695577501682,0.42714556722835567,0.05825326081677544,0.3330280906936207,-0.35546231899494524,-0.6428548959085044,0.6933695206387267,0.20956303633221124,0.6758782827260799,0.13605362395648296,0.8195593215707428,0.15691441981608253,-0.47705571370782995,0.020349148433500264,-0.1511265829900096,0.9208882981998135,0.3587637249088132,0.6017264359160759,-0.018167792777067017,-0.478240611932494
0.6822234084012655,-0.5955993817387879,0.41957655011830725,0.0615476733317637,0.3247223630523648,-0.35245650747466145,-0.6361938175608134,0.6954384926122755,0.20858283774540326,0.6730984046753551,0.1407019559733717,0.8215454383551252,0.15556842954241637,-0.47736801381501553,0.021495873675135085,-0.14948711071681253,0.9191159080955414,0.36389212499062196,0.6012397192896913,-0.01737434347257679,-0.47724933533059616
0.6849091131575886,-0.5980858434635862,0.4109484403298069,0.06568264574935648,0.31573957236994615,-0.3496573085948169,-0.6296894108675952,0.6974979720936186,0.2066689954541814,0.6706753148952549,0.1448417316708118,0.823174792657443,0.15422978665513162,-0.47798320124866356,0.022697269330062768,-0.14797181224225864,0.9173414020957141,0.3688819984056822,0.6009175626088892,-0.01650190258170501,-0.4761500752077278
0.6894023158260069,-0.6033095268131792,0.3938415069886839,0.07503951734305772,0.2972446451063186,-0.34425810058967304,-0.6156928842015751,0.702373340071723,0.2014552269051073,0.6655769645902636,0.1519696907804792,0.8265338072112122,0.15088352033114275,-0.47945257658377216,0.025770120246814746,-0.14481152499719485,0.914041754569294,0.3780121612254531,0.5999026612826537,-0.015120240206064561,-0.4741858007441315
0.6923713036417597,-0.6047716663965882,0.3853069767484291,0.08007336065314945,0.2882186604017373,-0.34129733745856666,-0.6081172125039146,0.7049549091671328,0.19842380626001935,0.6630344028784103,0.15508691031197888,0.8280049588667612,0.14928393928564396,-0.4803358888040026,0.02721915966482704,-0.1434875396435441,0.9127169349683386,0.3815995806289427,0.5993099547995713,-0.014227759063235437,-0.47325761507346514
0.7005166264940875,-0.6050087924360322,0.3677933102993318,0.08926868420390607,0.27103346113086835,-0.3336288209152345,-0.5920817717880579,0.7096940828688265,0.19195236833486382,0.6583909323945909,0.16127608989615602,0.83102138189238,0.1456685577731052,-0.481934551030066,0.029948874173125365,-0.1408325371675833,0.9102590681004892,0.38819800405403027,0.5985147645878868,-0.012852896299008687,-0.4714448515004577
0.7046830074203293,-0.6053789427860625,0.35767629059433115,0.09489924041291968,0.2616952563353569,-0.32991054861724867,-0.583472064533685,0.711991769249032,0.18932802476401123,0.6558169461112681,0.1647020119909935,0.8322667765362461,0.1441286731177518,-0.4828943663348776,0.030894454906498205,-0.1391801183147924,0.9086413801932645,0.3924860118811753,0.5980379814352355,-0.012061736015826122,-0.47046760200607013
0.7077462279623309,-0.6062147232209415,0.3488325026287296,0.09957344658606147,0.2528525794755757,-0.32580102366741953,-0.5746550367295737,0.7139126216219821,0.18702085432957238,0.6535548753771847,0.16798212287436445,0.8340275479225302,0.14307438441923742,-0.48377292020759566,0.03163625968845825,-0.137533420592028,0.9067585124239136,0.39733198391263697,0.597456005321547,-0.01146264909226955,-0.46965510547288936
0.7109192433087329,-0.6068661843392272,0.3398831269064618,0.10385915387278978,0.24379466355802448,-0.3220326085162664,-0.5663152293061937,0.7161475711841441,0.18479338713865145,0.6507947621464166,0.1716107162145333,0.8350025356813274,0.14150790862590287,-0.4849656638358384,0.03232157949720972,-0.13584016118132317,0.9049591143572854,0.4019350288923764,0.5966781989666148,-0.010706370676765865,-0.46910490771308005
0.7145552530590031,-0.6068409040157902,0.33136938724280846,0.10653279653425188,0.23619184069801896,-0.31747766383054926,-0.5563805380599157,0.7183070354026228,0.182343515821847,0.6480776277732608,0.17544581359669412,0.8364288892735678,0.13998063209638126,-0.4859235964424464,0.03300308211898512,-0.1343763096015136,0.9033063204101017,0.40606833845510326,0.5960551836802819,-0.010067995801531483,-0.4684604969991173
0.7173723955983586,-0.6071053094250007,0.3236236266784591,0.10985325464877026,0.22792906662309678,-0.3134747736234036,-0.5463176044119774,0.7202355507245185,0.17990391481798035,0.6454630725976697,0.17964619344280564,0.8376313358106069,0.13829320980613677,-0.4865905774935415,0.03353383160714065,-0.13280155975382052,0.9019668698854044,0.4095057917707907,0.5954924695209783,-0.009445403029437787,-0.4678191220731168
0.7230660577682572,-0.6080703287359903,0.3067717291405781,0.11539955638769112,0.21195179616379536,-0.30467621072553225,-0.5263094373039655,0.72436987702552,0.17597731449791307,0.639443896392062,0.18823328453563593,0.8398629127721453,0.13522748242486934,-0.48894066147785625,0.03348090504261128,-0.12972117188811205,0.9000344697861133,0.4147160471435032,0.5943338598782204,-0.008276732173393775,-0.4664945517815328
0.7250221652998041,-0.6095778942160575,0.29810113588991466,0.11787011278624993,0.20379153198409497,-0.3003311038059807,-0.5161054121876296,0.7268006850951738,0.1737521187204618,0.6362078021203945,0.19186088164728532,0.8413068411037196,0.13343756648504038,-0.4897595561825295,0.03380027461045266,-0.12795891163425185,0.8988589718833893,0.41777578560080797,0.5940023502062641,-0.00790154049414887,-0.46602800782161435
0.7277219155579586,-0.6149466430377092,0.2782509551497696,0.12181069653995313,0.1869189802221106,-0.29176153252315395,-0.49618886658841377,0.731256532308094,0.16854367648005822,0.6300308881349422,0.1997948774899473,0.8430463990763264,0.12982687209335408,-0.49215056519694617,0.03493661061638158,-0.12493804608755202,0.8958672246536553,0.4249609789966852,0.5925950963985768,-0.0068201058397454615,-0.4644787327451259
0.7287929477768622,-0.6178519941253022,0.2678004054379323,0.12410759635646237,0.1778513458313288,-0.287497963588533,-0.4865954100536717,0.7330388789932303,0.1660378202861857,0.627394566760587,0.20362097563427978,0.8436763078062208,0.12816986755539425,-0.49298365528302823,0.03599908244491675,-0.12335750754743272,0.8945408799439547,0.42811634575650637,0.5923625312967185,-0.006810048910989999,-0.463761970814009
0.7300505122391863,-0.6196717816729969,0.2584367720029826,0.12745025482200417,0.16983259064737988,-0.28357230454209875,-0.4756861141432851,0.7345637208710951,0.16361708948462622,0.6250538966877275,0.20725157235610842,0.8446797551061761,0.12666520525829414,-0.493941365793545,0.03687812383705607,-0.12208286136635153,0.893548846706856,0.4304721100044817,0.5919181820634806,-0.006255176323115067,-0.46296467444612976
0.7324482629395481,-0.619268856202933,0.25060585487106446,0.13123388037504902,0.16275278188227094,-0.27941888493938105,-0.46394223686733504,0.7360012016158067,0.16129400197060426,0.622949915687959,0.21028523175144803,0.8452128634856422,0.12513513240239044,-0.49457270781649104,0.037469497296801144,-0.12078568661663175,0.8928042279186809,0.43232796033960375,0.5913493285252996,-0.005829914553804146,-0.4624109617605199
0.7363187177484837,-0.6158136179574303,0.24479380956083746,0.13669061647421646,0.15714339883531592,-0.2754619882341376,-0.45071632311119797,0.737582268320847,0.1591148305739682,0.620612865768685,0.2132944888938102,0.8458436380781982,0.12380543587445429,-0.4954879921324254,0.037589889926231704,-0.11928652915385929,0.8923256902326505,0.43371947925886767,0.5907979011161413,-0.005481084401446817,-0.46187662436345084
0.7420806522670461,-0.6101413251856472,0.2339683038448796,0.1493408906748852,0.14441677172045497,-0.2681974143286855,-0.42372046187097534,0.7404950987726069,0.15552877466202772,0.6157747666544848,0.2197708936540284,0.8465588209454052,0.1210197145297153,-0.49658308236640625,0.03758498670491914,-0.11665413230443833,0.891677000856325,0.4357651986271495,0.5896445298438661,-0.004710596426050179,-0.4610713904411188
0.7450221033796085,-0.6067152688067403,0.2291906653069703,0.15591756478580973,0.13833319556324944,-0.2648503443707921,-0.41008169699535263,0.7416891337825359,0.15443216811622937,0.6133790115100265,0.22319077606123233,0.8465598436516828,0.11956125727316722,-0.49730506965028143,0.03713918295935467,-0.1152279604184425,0.8910976791644689,0.43736497849578077,0.5891667318937056,-0.004442263895923357,-0.46078059035807084
0.7509454642385842,-0.6005192073377731,0.21995157952351616,0.16455665900540292,0.12759555387773358,-0.2565023339686362,-0.38287687694459843,0.7441543351325333,0.1521547617651709,0.6084705819195639,0.22988432942266546,0.8473101003222088,0.11717156791407723,-0.49891185352800693,0.0361931017302243,-0.11214861071501431,0.8900447541540089,0.44037834200238335,0.5879625034599385,-0.00415793778405747,-0.46010744198257764
0.7532874407249567,-0.5979610290538749,0.21644953246108112,0.1677803304212249,0.12254424763425856,-0.25238159163281976,-0.3691228922564861,0.7449875039720238,0.15181365154718549,0.606387850246371,0.23289484580606,0.8472588750037912,0.1163795379976893,-0.4996882603265763,0.03558476886711849,-0.11091711966805515,0.8894611149982544,0.44191632883983617,0.5873789642479134,-0.0039802932710155505,-0.45985084835245177
0.7546222854559279,-0.5964070214982408,0.2138826308576287,0.17058162626229278,0.11763476469374001,-0.24847281466298377,-0.35501646744002113,0.746028680383051,0.15076612603147704,0.6041792412813706,0.23596234380097933,0.8474486645209393,0.11531301850402693,-0.5003445777944451,0.03463779077262017,-0.10951134924577102,0.8885756480078321,0.4441180086466036,0.5868547459704763,-0.003421076915441977,-0.45937048658969976
0.7552698634746747,-0.5963856365967187,0.21009426511310492,0.17248769682112705,0.11235860637260019,-0.24398060741751743,-0.3415455480242867,0.746786944499139,0.15010660694018374,0.6024062234996659,0.23850368543780587,0.8474208844068173,0.11446492339312832,-0.5008879322581083,0.03382250302515075,-0.10796254053298097,0.8875365712995691,0.4466306782304401,0.5862572371022321,-0.0029004091485145913,-0.4592172185004785
0.7544926300983225,-0.5999117013946987,0.19992050402616524,0.17572311665503126,0.10070691013042715,-0.23571412356711371,-0.3167267158505848,0.7481086998309295,0.14926904695477045,0.5992178648058717,0.2428787256142104,0.8475595429126884,0.11326180222406194,-0.5021206573464031,0.032893819346645134,-0.10516895442099464,0.8860790910668837,0.4502458573367114,0.5850900004753953,-0.001963474311761918,-0.45844886898328896
0.7540677257776757,-0.6019879792651645,0.19627769654284286,0.17454914379785402,0.09710525427678685,-0.2315085387427054,-0.3052688680843961,0.7484999775639193,0.14898566799662483,0.5982249854569357,0.24429064880478096,0.847879303454562,0.11306431200844036,-0.5023465697481488,0.03218098388395552,-0.10333067675316265,0.8859217871969074,0.45103186416020724,0.5846732631407493,-0.001485790564652965,-0.45808035011409415
0.7501523447085956,-0.6093819217967734,0.1937926682500149,0.16843258250115228,0.0899642671337948,-0.22286939689331717,-0.28067848062754036,0.7494525120958975,0.1467162433157184,0.5974175157456928,0.24471940654700208,0.8470910994913174,0.11212845438153811,-0.5029517447472421,0.03139929528909169,-0.10090861130106457,0.8847603699271946,0.4539059640794916,0.5836944338453058,-9.505146620299794E-4,-0.4575211764489287
0.7476158887885208,-0.6130826076052385,0.19241393465760892,0.1678602896235102,0.08528769442370909,-0.2195084519771704,-0.26847353967983023,0.7495961325155436,0.1452309463394877,0.5974428136210183,0.2451034369315897,0.8469343567016449,0.11167816360083813,-0.5031592157632442,0.031715048049191556,-0.09925217488477248,0.8828952153786853,0.45786373537255043,0.5832838056999796,-3.891587509695703E-4,-0.4571118187105042
0.745774750439613,-0.6154552610569968,0.19223962471288267,0.16756721020010734,0.08205625927918297,-0.21635911990517948,-0.2564410308514371,0.7497764105035915,0.1439836065251325,0.5973869077302529,0.24542399592715525,0.8469373273565102,0.1107788883912601,-0.5032559406139273,0.03190213558635453,-0.09766435929408396,0.8812093098322165,0.46142613594565157,0.5828450811930512,1.4977403780255588E-4,-0.4567386369400138
0.7457356803381429,-0.6152127016671549,0.19342778935554822,0.16726421339615127,0.0795440577479485,-0.21317148540939265,-0.24404868549765027,0.7496785547496483,0.14302098061093316,0.5975053255274999,0.2459968488006341,0.8463464277917808,0.11028070189304233,-0.5032015193471286,0.03171086163481518,-0.096424784322726,0.8800770368348863,0.4638546016357063,0.5824694803259473,6.279634653056484E-4,-0.4564127881091371
0.7478812693716312,-0.6122741240981836,0.194839114276202,0.16682842512876736,0.07813528197203472,-0.20943725832944265,-0.2322021347507559,0.7496155207106681,0.14270649696791388,0.59742893842804,0.24655646485453575,0.845822683074944,0.11001580070434423,-0.5030942692408491,0.03130852446710684,-0.0946356472061986,0.8794084800919252,0.4655154086772709,0.5822015139783244,9.128506518504449E-4,-0.45599362172835733
0.7517793286681255,-0.6073897881470525,0.1953234723736726,0.1665960004978287,0.07679246325340183,-0.20512494648721766,-0.22153726478696523,0.7498106653655366,0.1421571493207805,0.5969182830537957,0.24751540226254443,0.8455631694920669,0.10957976715139496,-0.50320152981276,0.029678452545340066,-0.09228304835161336,0.8791824627243592,0.4665203379054106,0.5818319679799975,0.0011375274724826547,-0.45565516834602826
0.7570432170796603,-0.6008619299469353,0.19505986784764542,0.16673978700172803,0.07534383761975762,-0.20066670766544975,-0.21108980395641033,0.749964923362326,0.1425087534850065,0.5964003202961253,0.24809378641346325,0.8449017164089616,0.10918526761574673,-0.5032821774931753,0.02795456042948409,-0.0895411934555321,0.878647200843995,0.4681666516047097,0.5814251059319482,0.001503019444564399,-0.45528292609558857
0.7684132055270314,-0.5852254321674496,0.19531743010121808,0.17001011915397804,0.07258122498871292,-0.19239082393104626,-0.19169156188388062,0.7505591568231882,0.1424006011834183,0.5948839211871587,0.24999228228978665,0.8440651713828463,0.10872901835937113,-0.5034571598550814,0.026010310175050448,-0.08539968208168652,0.8780664583533131,0.47013790825651813,0.5805811798157633,0.0021695530353732463,-0.45455806129764714
0.7731287730818781,-0.5768940063583283,0.1985393723039054,0.17334163754250811,0.07178118887810099,-0.1892876397527033,-0.18103791760851526,0.750793748089493,0.14285026954220253,0.5940687211293318,0.2509679320096721,0.84388354958041,0.10860369503035924,-0.5033357063916117,0.02752446161170275,-0.08536931036246977,0.8786454343645379,0.4689740776754882,0.5800372990079248,0.002525227433174451,-0.45443451527825035
0.7775394166081137,-0.5636632240371551,0.2143648227244485,0.1782244322955468,0.07345970136803952,-0.1858082431529277,-0.15843767097824416,0.7511079431847703,0.143797178716103,0.5928068390223967,0.25246639516242075,0.843605006001044,0.10871393847107823,-0.5034739784146169,0.029329811493981773,-0.0834363354218088,0.8770076733568954,0.4722665359330809,0.5795691002136664,0.0033032696172146173,-0.4537588923092134
0.777454156428697,-0.561024716009294,0.22219503616545916,0.1773292660049791,0.07436441237343164,-0.1836919232028111,-0.1475047443942887,0.7511053642194477,0.14318151648237507,0.5926193331395864,0.2532629289251981,0.8431230517515247,0.10832770538813787,-0.5033094283811167,0.029663156117639224,-0.08229784580946636,0.8757521700993516,0.4747686787379075,0.5791770614933925,0.0039497926704399975,-0.45342942832552674
0.775449714330657,-0.5613024172337836,0.2342431575291636,0.1695508186437968,0.07506365980305613,-0.17813219357569846,-0.12871958758245006,0.7514836813114967,0.14142102820672897,0.5925554368204541,0.2532793394613808,0.8429582653957366,0.10761234528994328,-0.50312614950237,0.02702834816413204,-0.07828560273273505,0.8739903859137744,0.4788336225982701,0.5786694057984243,0.005427196026546229,-0.4532628985642263
0.7735146552591927,-0.5641527498468075,0.23652813271086215,0.16571419787046077,0.0737297970753543,-0.1755207055999776,-0.12191147303995331,0.751586768849756,0.14091937709332375,0.5923671231716633,0.2536932191347273,0.84268881223315,0.10733850788817867,-0.5030502953970445,0.024622294684344723,-0.0760417299220374,0.8736813634368694,0.47988777135704785,0.5786230914860795,0.006030226308228492,-0.4530878500998089
0.7679490990443681,-0.5711516808344912,0.2434916956045715,0.15732683473740078,0.07198671035477555,-0.17132460215492332,-0.10810325901095644,0.7514950161926177,0.13961556910779818,0.5923854628477783,0.2546413102915285,0.8421569617734186,0.10688595957965684,-0.5026032383962122,0.019459856559948807,-0.07143576620545314,0.8729044520567455,0.48224066903240237,0.578398201890278,0.007315434014389872,-0.453151699412566
0.7650446408422121,-0.5745535407994817,0.24765216576283067,0.1525232148440642,0.07173846945399842,-0.1697116831330823,-0.10137534993969116,0.7516092844988704,0.1391953303105381,0.592169575382816,0.2550359532806538,0.8420379227334482,0.10668477230534242,-0.5025847983042543,0.017021941977642292,-0.06854859190072911,0.8721695337889476,0.48407814283450856,0.5781573735303145,0.008028230413306149,-0.45293805706552626
0.7640541673604105,-0.5760487629793947,0.250683002096226,0.14678925188556075,0.07240668778340535,-0.1677322974918168,-0.09673722094372239,0.7516463253620819,0.13861801938787638,0.5920467903070863,0.25552581935635954,0.8416521066634629,0.10649458983208224,-0.5027134624668728,0.013852291469112973,-0.06500703198646302,0.8711574731759117,0.48648417933487453,0.5777421529753675,0.008587332850605657,-0.4528336743146813
0.7644562723529561,-0.5747086707900868,0.2546570291028993,0.14306064765476184,0.07312469690157397,-0.16574098355086628,-0.09155147466224521,0.7517666249581227,0.13813950565020303,0.591576013668785,0.2565194702737793,0.8414051409964695,0.10623961396403171,-0.5028728982512805,0.010866339091781092,-0.061974863874429104,0.8704576470962474,0.48820541120941413,0.5773141223996389,0.00915058203186267,-0.45270264170089963
0.7657969595049856,-0.570044549714047,0.2644311382509934,0.13667626449941062,0.07606456479709667,-0.16231597039448384,-0.08077708660092892,0.7517372498021826,0.1380150504180246,0.5902691302236943,0.25966383464572884,0.8409264766516094,0.1058522103388254,-0.5030336215554594,0.007147624808873453,-0.057546592242736956,0.8696456260876018,0.49025889712226833,0.5761812774990744,0.01029851133082854,-0.45222071416166276
0.768177609963103,-0.5634881241857127,0.2740923403441547,0.1313684985744529,0.08010980599096773,-0.15812695907268526,-0.07201706463893384,0.7515805608418401,0.1378571639794763,0.588912330592326,0.26325715523137394,0.8404102259997167,0.10514588241170243,-0.503208647618922,0.006148978287304388,-0.05444432815361879,0.8689899905904145,0.4917869472155548,0.5753935349207797,0.011241877876722102,-0.45176518426791207
0.7675018594625,-0.5650098022324584,0.2752280211865151,0.12631055164394722,0.08105981535217305,-0.1555689593313165,-0.07075128629118857,0.7515136596781847,0.13799602361734467,0.5883175539694891,0.26470128914355534,0.8401657056683188,0.10514863537513083,-0.5034042277573014,0.005518893080608163,-0.052594011260471446,0.8686465919937919,0.4926017763023891,0.5750176763442446,0.011890383907280018,-0.4515923808046188
0.7641110627455857,-0.5719901227521115,0.2753285085797843,0.11469871676295168,0.08101610886376998,-0.14982585366600948,-0.0674288373998208,0.7515548644347742,0.1378547906982835,0.5875709666040799,0.26631128708695007,0.8398542000960436,0.10541437004364755,-0.5042613005671097,0.0032795136841913854,-0.04927161186931108,0.8676108706820799,0.49478574163781086,0.5745236155562723,0.013219237006322514,-0.4514459952717898
0.759457493529612,-0.5804675717152099,0.27326700993798214,0.10773511492694351,0.079727534299667,-0.14736811419369283,-0.06747943718462811,0.7509269276079438,0.13724929371963063,0.5877281083627945,0.26804300290634003,0.8393805815689811,0.10516244602118476,-0.5040374282393825,0.001894494504652084,-0.047437608363158315,0.8673281461539892,0.4954674268732908,0.5743118083178915,0.013660582448145882,-0.45143296226180607
0.7531963677976347,-0.5904942370227863,0.2715778512651422,0.10127812341042075,0.07799492153339142,-0.1457341814282493,-0.06820493459805778,0.750205959141816,0.13647704619836898,0.5879063837221685,0.27005762108816445,0.8385050068547374,0.10475662138610432,-0.5037729556341426,8.845495330013012E-4,-0.04646489748596335,0.8670182838212366,0.4961043503068887,0.5740738324179616,0.013899409951002018,-0.4514603993971703
0.7500256097539242,-0.5945741931001256,0.27306676552234577,0.09683829397378522,0.07769200529077615,-0.14394554663373038,-0.06615188992284765,0.7499603463815716,0.13628552037041294,0.5876698162044179,0.27134834238458977,0.837949366613362,0.10463814435899992,-0.503726250159313,1.9820887465896858E-4,-0.04628147913626944,0.8668847632572889,0.49635551032959757,0.5738907502349737,0.014140318336862238,-0.4518136494510695
0.7465600105085063,-0.5966955266835642,0.27820095259793004,0.09595222310591409,0.07841196332598555,-0.14400189820091763,-0.06432529551482638,0.7496004928330138,0.13639172990345808,0.5877127333194985,0.2721950408302272,0.837650948914282,0.10484502709461925,-0.5038396764684432,-2.957954931322587E-4,-0.04618478911273369,0.8665581485988876,0.4969344552921509,0.5737587792561256,0.014546826965240315,-0.45193126281734886
0.7440361887654827,-0.597059755882754,0.2839759017493888,0.09637159819253145,0.07903925725073216,-0.1440890621916362,-0.06126513918854776,0.7491953572258395,0.13639906388268191,0.5878866522756985,0.27293020382370065,0.8374102528626512,0.10475528429284998,-0.5037392114231175,-0.0017076308718755526,-0.04427239943108437,0.8661428649223304,0.4978288623508662,0.5737378830573696,0.015064759267351287,-0.4519565328632922
0.7446136743218853,-0.5920705620140811,0.29189974784854456,0.09898213381791432,0.08052192898227942,-0.14226681237614158,-0.05779206518476327,0.7482335658427265,0.13647615194692783,0.5884807030475842,0.27424670104972715,0.8372594214602828,0.1052822538719813,-0.5039161389305943,-0.005646381633257368,-0.0403842210583435,0.8657537935389346,0.49880617682312856,0.5735047536148213,0.016039695810782347,-0.45237647609503595
0.7457767853834073,-0.5867023409918928,0.297315159143355,0.10583499232950194,0.08076252412956104,-0.14129125949457486,-0.05595819871759869,0.7476531900557174,0.13716007621266602,0.5887033378604837,0.27500945599155363,0.8368460502680419,0.10606310918164778,-0.5043963017130995,-0.0067876900957180575,-0.03867237480920559,0.8653085107196082,0.499699465645096,0.5733248143666045,0.017120899317400247,-0.4527138180282774
0.7460036733101532,-0.5842204249878178,0.3008950403131028,0.10782944472539974,0.08133039316339881,-0.1406807574210283,-0.054703430150369964,0.7474297203860564,0.137636803211174,0.588721958475255,0.27533866254939626,0.8366169109366303,0.10636020901572622,-0.5046167083364541,-0.007347870331470434,-0.03806584733535195,0.8651735262863205,0.49997176868452,0.5732111554014796,0.017450567123519674,-0.4529579676288054
0.7481843814748798,-0.5794849767623104,0.3044458436226405,0.10830522297994206,0.08305410570184864,-0.13799501481054313,-0.05417342942178873,0.7471471789731762,0.1380214261119272,0.5888187655893612,0.27570571299172497,0.8364625928822947,0.10666321854277318,-0.5047505837681465,-0.00827039795048401,-0.03707643370863444,0.8651426035942413,0.5000852067671742,0.5730659778961495,0.018018971146376878,-0.45312859733219607
0.7468214961029563,-0.5772813317481019,0.31096726736122976,0.11092013164240815,0.0837844266639413,-0.13646521965261352,-0.05194056358287505,0.7462439557349512,0.13906013386785912,0.5891884691721853,0.27683783248003224,0.8360004453291232,0.10762498526862391,-0.5042807539625896,-0.00935769246068982,-0.0363718232955637,0.8651706626459794,0.5000692437639854,0.5726943477385867,0.018778758606892182,-0.4532666578868604
0.7413497296647085,-0.5819073316960052,0.3135500108863675,0.11606388894767325,0.0808773164329609,-0.13704783866089587,-0.05181168022482952,0.7452572665126866,0.14051294373162163,0.5898488584780446,0.2773554461445826,0.8359412177939638,0.10900493724634899,-0.5043283623242011,-0.009439441829075725,-0.03711438427684642,0.8656910610512994,0.4991116170092432,0.57267224588229,0.019566787219470996,-0.45358591082425104
0.7416858143654714,-0.5816134039634261,0.31373159965611014,0.11489336132397845,0.08137466857840994,-0.13535556849866678,-0.05274655221876859,0.7447507916174833,0.1406364883426076,0.5905104737090746,0.27724540928873087,0.8360033522689161,0.10938076563667323,-0.5043590823540691,-0.009829969758865839,-0.03721042114717184,0.8662071566961248,0.498200680389946,0.5725870557047437,0.01980471420678693,-0.45376984578723245
0.7462859710242363,-0.5769973669845554,0.31327197527378065,0.10950779631317015,0.08414527905394614,-0.13088130699770853,-0.05460402353695289,0.7443029871883734,0.14068809849237401,0.5911111434756958,0.27714172956074207,0.8358532317803982,0.10968140746399317,-0.5042309429174023,-0.010655099164061106,-0.03686543566090357,0.8665694076377011,0.49757900906467084,0.5724975363055907,0.02001803285450327,-0.45409610891213126
0.7489740628893435,-0.5731905446115917,0.31304049393370165,0.11178596443490095,0.08402199582676266,-0.12864797303401643,-0.056283331062836055,0.743411809961899,0.1402471442225234,0.5925295322546328,0.27672797609332217,0.8354333805691049,0.11022170217730069,-0.5040350908920646,-0.012676544436328594,-0.0365065379500962,0.866892062808,0.4969957035513912,0.5723744823339127,0.02033545568225122,-0.4545751043838196
0.748431208272272,-0.5734398658255699,0.31295215690536987,0.11436080733510012,0.08283231645421138,-0.12792324850631054,-0.05821645384519725,0.7425716643885009,0.14053662095890518,0.5937628465804374,0.2761928012049568,0.8351807230836608,0.11084098722596482,-0.5040125286307243,-0.013767421436137739,-0.03621968595781453,0.8670708425295959,0.49667569549066304,0.5720015963292784,0.0208044041500613,-0.45498685455426946
0.7449146473450897,-0.5772173042721892,0.3142925802522578,0.11464085579698732,0.08139991013951414,-0.12876261277148945,-0.05772281058788347,0.7419104789614147,0.14133161910813738,0.5945321267910293,0.27590897930450214,0.8350442162056798,0.11142536644642087,-0.5039240783651988,-0.01430383381651813,-0.03614703764572266,0.8670783584181971,0.49665270800670447,0.5718284649543948,0.021194755623488316,-0.45509898942735744
0.7416156856293153,-0.5813945006537016,0.3143618992026836,0.11473101484722996,0.07960919315048734,-0.12927962253076572,-0.05789157817437132,0.7412318391957438,0.1422356912814857,0.5952376424201796,0.27574719895991606,0.8348508801422536,0.11177651247462277,-0.5036522175146995,-0.014796531809141124,-0.036315846730325875,0.867162590813622,0.4964788646217352,0.5716626055551474,0.02084266054844939,-0.45565903972899674
0.7387381296479466,-0.5862830141354785,0.3129935522307989,0.11213045706862329,0.07779450996906576,-0.1283195593957463,-0.059084656538765476,0.7401895969909251,0.14287959781329318,0.5963323420133355,0.27584872467353105,0.8347878217740305,0.11258797769908187,-0.5031680634771996,-0.016368263783689836,-0.03632578779900991,0.8671555666007302,0.49644107444374036,0.571535776046206,0.02123126079558161,-0.4557484818178384
0.7386518014313022,-0.5873839914462116,0.31117642995957817,0.11199460823013234,0.0763934303063063,-0.12764631123758646,-0.06052969905823,0.7393055667024263,0.143156261785054,0.5973199125189691,0.2759392793040971,0.834789451907143,0.11306647654243386,-0.5027078111315364,-0.018906715660011682,-0.03545226607967687,0.8671201853895303,0.4964758373000583,0.5713725179355449,0.02192179915295068,-0.45580079195068024
0.7393411156375901,-0.5867876659288762,0.31090128833816155,0.11133435566426257,0.07631319430597705,-0.12673500097684087,-0.0607743117532744,0.7389641109028755,0.14303491807463797,0.5977152394920396,0.2760607677448539,0.8348463708448693,0.11329323875802076,-0.5024536526495593,-0.019908178862124953,-0.03521507052890749,0.8672177136624836,0.4962831856229388,0.5713988163818096,0.022174838048739386,-0.45601367363049367
0.738670241356319,-0.5875423023818729,0.3109216262093146,0.11174998792733876,0.07574321273212493,-0.1267400341875738,-0.06080293095539914,0.7386960256086014,0.14307183343819646,0.5981174981588891,0.27588782253452376,0.8348659046674723,0.11329821863472453,-0.5023531268720189,-0.020482759352609615,-0.0352589941545278,0.8675862393620234,0.4956121237118557,0.5714781331912793,0.022339870685431924,-0.455971684500614
0.7342025298363081,-0.5920989654104298,0.3116974753517205,0.11493539142156163,0.07369081188587143,-0.12894618768536437,-0.060440726132202235,0.7379569119936458,0.14350372909298587,0.5990557508914915,0.2756056659450979,0.8346591149644093,0.11381263383599162,-0.5019959232476623,-0.020392924518936192,-0.036080658924102664,0.8674148736216332,0.49585658380335523,0.5716300642902222,0.02270266603602159,-0.45614250644025606
0.7354729060227428,-0.5907340901347283,0.3119141514876867,0.11323604267578695,0.07450251349253958,-0.127804592749934,-0.06046044369353075,0.7376698083257354,0.14399309402596971,0.5993625581069096,0.2754519317359064,0.8345256912990092,0.11395725885631924,-0.5017550061535648,-0.02028056109449946,-0.03623071142246216,0.8672076355481402,0.4962126068919638,0.5715807608507578,0.022953495849186614,-0.45614446319610047
0.7359022810174805,-0.5895252545958743,0.31314364758873653,0.11335282511591843,0.0749183756009438,-0.12767539483573423,-0.05985345876738042,0.7373492844361949,0.1444702709415332,0.5996440843443689,0.2754475370489179,0.8342159559106952,0.11408730110441088,-0.5017482379861565,-0.020692651164390945,-0.03611911409245345,0.8673922908553899,0.4958808703202854,0.5714489354029083,0.023027774509571195,-0.4561292203703645
0.7364052385801456,-0.586566208521388,0.3162141276873962,0.11685903073131157,0.07525606334511685,-0.1285233418274063,-0.05813669840756332,0.7366951524293894,0.14569560354667155,0.6000827927104896,0.27559696186095634,0.8337572083074699,0.11442379354945846,-0.5016593037310785,-0.0213150169263151,-0.03631492989413525,0.8678133091481374,0.4951029755369832,0.5713466125124199,0.023298835884914104,-0.4563218958591803
0.7388066154943711,-0.5809634383359256,0.3204693691509444,0.11809170866173227,0.07710501282246575,-0.12800771250659962,-0.05643054804763398,0.7357708821823828,0.147254318510402,0.6004778525346902,0.27637605400599025,0.8334719253200906,0.11516995097974095,-0.5018242672206052,-0.021966925792365595,-0.03668193930905919,0.8686672442694849,0.49354747313001024,0.5710959082466616,0.023512179415763803,-0.45661313482816723
0.7387520125032514,-0.5785609627242009,0.3242299058498636,0.1199485080633789,0.07841406198060322,-0.1284602040003441,-0.05563497276932079,0.7348710264731885,0.14864028980410704,0.6012409544741915,0.276369233743839,0.8332879602283182,0.11651682836334881,-0.5018666385585828,-0.02293122000547159,-0.03677009291900376,0.8693725963314617,0.49225339832618886,0.570602946362499,0.024034023532320807,-0.4566812664550651
0.7385727677687551,-0.5785620545856348,0.3244107744296376,0.12055648111160258,0.07817591304333116,-0.12874110178929352,-0.055888088908443205,0.7343398515405551,0.14936694384089663,0.6017501237558696,0.2762811739638107,0.8331230438368389,0.11702934441863132,-0.5018227592531985,-0.023388297590980225,-0.03666121048116128,0.8697272901352324,0.4916130429269317,0.5706655653155034,0.024267891975235975,-0.45673222784978756
0.7377621437664879,-0.5789769165653504,0.3255247820533647,0.12052537317372078,0.0782635343282316,-0.12899033259272843,-0.055607014834085734,0.7338186418813015,0.14978294294892985,0.6024997074382001,0.2758067681655456,0.8328747974422206,0.11744249925924438,-0.5018154257095189,-0.023356732390858635,-0.03683211191021904,0.8699997062795654,0.49111950649279335,0.5706462057664036,0.024302430474887074,-0.4568280581922357
0.7348242057451678,-0.5823456169795875,0.3266652033346474,0.11915038382640902,0.0778279067481472,-0.12935013770188059,-0.055941277415238286,0.7331163659174484,0.1503284588547755,0.6037100139979786,0.2747288981539846,0.8323987365310391,0.11841612991388922,-0.5021366138325949,-0.022969765936977936,-0.037231072484424754,0.8709158140788831,0.4894812375176156,0.5705035550848092,0.024385964774173208,-0.4571557036944632
0.7294248414612288,-0.590546536781741,0.32379093131656095,0.1198065997827636,0.07481382097504505,-0.13178964614220817,-0.05810962485759902,0.7324179678893573,0.15181258113314794,0.6046469395891283,0.2737132422226168,0.8317409269387956,0.11941682629682687,-0.5025496051932238,-0.023435204255483233,-0.036894580070414074,0.8720150581759415,0.4875236604282308,0.5702180849877918,0.02449078012052705,-0.45732234236370617
0.7267011455310001,-0.594384843041669,0.32286696375874707,0.11987087702803578,0.0736270417493603,-0.13279298552579577,-0.059018987688262955,0.7322644765113094,0.15300760848333678,0.604755430750582,0.2732183690082091,0.8314508289282023,0.12003082582836504,-0.5028663931618031,-0.02354499709866692,-0.036723980139199114,0.8727575610294451,0.4862008042571444,0.5701627529723555,0.02442946126918632,-0.4575292273457114