0.7509827856485383,-0.4754293577571592,0.4502708284042434,0.08513496655507131,0.630798629644883,-0.10463189424017835,-0.15706800564902273,0.7021390824831643,0.43094627298384053,0.5668084641782958,0.0037661103115715993,0.7050505814488761,0.6072671216986285,-0.18923128571745573,0.08433253261380293,-0.0965606601059167,0.9902352711286593,0.05475555383340054,0.5842635008864768,0.29375366726324303,-0.16410561252001962
0.7507423638148745,-0.47651992606674537,0.45000507603536527,0.08252329839144515,0.6306824497234075,-0.10450493165885592,-0.15906642631431991,0.7017302581823782,0.43000534509622,0.5680256692562382,0.0041093802423425585,0.7057413314373504,0.6069802255240281,-0.1884186193621102,0.08303084119731127,-0.09766028192705058,0.9901896215070901,0.05561350738482069,0.5842000439552706,0.29367176930533334,-0.16436142948501264
0.7479576497367975,-0.47999490303398057,0.45109569711267433,0.08171241832203974,0.6295343798128809,-0.10598967585913321,-0.16012438276324323,0.7011451044200463,0.4287538792683658,0.5696898296158622,0.0043762532353593874,0.7064246732147129,0.6064484315860958,-0.18735890154920332,0.08162579064911248,-0.09869311624406112,0.9901373651691449,0.05678817837232508,0.5840220633947075,0.29361515938267313,-0.16449932341680687
0.7471083114729756,-0.48126604956110564,0.4513444161490599,0.08062492467538221,0.628983659532699,-0.10638635507496293,-0.16090534465543352,0.7009000059535174,0.4281340211620685,0.5704571798519664,0.004364347980826001,0.7067009899470952,0.6062624462370982,-0.18680683681701316,0.08079883509612037,-0.0992342755358076,0.9901122870061531,0.05746099481768862,0.5839081853734445,0.29355577631694585,-0.16467055913067963
0.7476564962341362,-0.48159753841778224,0.45073966758398354,0.07685913540437325,0.6280493603866941,-0.10583809932572581,-0.1633854763945532,0.7007495868173261,0.4268090003506634,0.5716350229708492,0.004182619768867666,0.7071095710746503,0.6058834873006449,-0.18583382229007667,0.07896844029617112,-0.10040866752207805,0.9900702066367958,0.058677686166065765,0.5838819295663702,0.2935626500793682,-0.16492042769531837
0.7468839965574912,-0.4817159259783471,0.4523406702776855,0.07417533523933448,0.6273695876794936,-0.1058487291995853,-0.16503753302986396,0.7003697539654811,0.4257392973097033,0.5728952524433004,0.004391831565369357,0.7075806621670985,0.6052998718489178,-0.18486145958314404,0.07715096497289066,-0.10172274961443903,0.9899945404431642,0.060091769048335276,0.58381760809885,0.2934704681652955,-0.16519542484734648
0.7466870783804679,-0.48157357942717727,0.45298400767036867,0.0731490490179365,0.6269499671064725,-0.10584913793706974,-0.1659821972898575,0.7001387350474495,0.42528934677143737,0.573510572624936,0.004510686898859636,0.7078568132055988,0.6050953096119915,-0.18435496508893243,0.0763592418826916,-0.10235627574860762,0.9899588234821769,0.06061342098710238,0.5838105479033447,0.2934432289940874,-0.1653270394454176
0.7466208369087964,-0.48066037433725745,0.454323848718318,0.07150364271385468,0.6261876743875573,-0.10563731533461157,-0.16791209676854807,0.6996446753942016,0.4244259043459752,0.5747500377967738,0.004730112604410166,0.7086365376604505,0.6044356708115263,-0.18332170463162015,0.07487404532231154,-0.10381715007501313,0.9898500860577792,0.061746933679183866,0.5839031609728056,0.2933262470977708,-0.16559727351930983
0.7462869602096232,-0.48082474169029216,0.45479565360059837,0.07088197419336388,0.6255648465708546,-0.1058074029389901,-0.16908078497317888,0.6994599184735386,0.42388794190704104,0.5753703649232825,0.0048763021699219046,0.7089476409558537,0.6041536825502675,-0.18281639082133916,0.07397313862489098,-0.10462830740354204,0.9898009689112799,0.062248967815894556,0.5839212551798406,0.2932875507255315,-0.16574357529965514
0.7443788613131114,-0.48262254760124806,0.4561639228403747,0.06992898451970683,0.6238253483418973,-0.1068961233020012,-0.17177161235896998,0.6992624427207621,0.42269135707222016,0.576489829995541,0.004850646178627251,0.7096663046636481,0.6035605568030913,-0.1817072800296069,0.07218446014436479,-0.10604798448950593,0.9896879246626431,0.06372629344572553,0.5838911005528427,0.2932619033277049,-0.16589798330599226
0.7429681515262403,-0.48384935046352934,0.4572934212952524,0.06907140301010936,0.6229239142628193,-0.10761720497721175,-0.17282328992188828,0.6992131050132129,0.4221455425237733,0.5769499715082803,0.004785925374000572,0.7100177771922711,0.6032720497725748,-0.18124687645425952,0.07127679835852674,-0.10676631705700748,0.9896300102585849,0.06444388530678127,0.5839079133555899,0.2932300289319723,-0.16605260546621176
0.7403137244323947,-0.4853229701556133,0.4604226396588406,0.06639425386247794,0.6216787266823526,-0.1081351605376151,-0.17432707364858246,0.699046484211793,0.4210500004353953,0.5779502409564031,0.00494257250030092,0.7107902059851945,0.6026040894997812,-0.18022151287779004,0.06910342050647607,-0.10839388701129682,0.9895059782697417,0.06598031146735411,0.5835273717727557,0.29307233921802855,-0.16653001001060513
0.7375683637429854,-0.485614263458272,0.46500168107306017,0.06281029000572533,0.6203556901246058,-0.10864704125979056,-0.17577553733934473,0.6988695488452459,0.419890119389679,0.5790030764401667,0.005392477036225276,0.7114893316064808,0.6016989235576609,-0.1789934163089954,0.06702057348148661,-0.10980357341558387,0.989409371786043,0.06723476048391142,0.5831989489597328,0.2926705582604179,-0.16700011910014462
0.7363967050239227,-0.4860814535878834,0.4665472218986621,0.06146871599798388,0.6196274476801678,-0.10898381522047314,-0.17676403638208676,0.6987802716477165,0.41917119390906954,0.57962912220735,0.0056323034298391365,0.7118008688454379,0.6011270268035185,-0.1784624608154506,0.0658489100219509,-0.11067199404549186,0.989358611918519,0.0677138671586312,0.5829516716865984,0.2925128961125834,-0.1671142348075267
0.7344007466400453,-0.4865050575254412,0.46961821358173717,0.058541487929577814,0.6179366384461139,-0.10986772942356807,-0.17922251250946,0.6982784118254238,0.4176454231418786,0.5813346976434111,0.005434098181732105,0.7124204631263273,0.600367403957526,-0.17677475509998158,0.06399561285495985,-0.11245888052937292,0.989214146942295,0.06865080636544457,0.5829140526188425,0.2923700392066703,-0.16732144399208562
0.7338247114317303,-0.4865015251351597,0.47069692500173715,0.057113603696583255,0.6171065305638509,-0.1095194900822366,-0.18077690492088697,0.6981361092646042,0.4169281082170119,0.5820238441860544,0.005017002925221274,0.7127321624680342,0.6001124826932005,-0.17611135802733793,0.0634039815939373,-0.11343489399536846,0.9890934180403594,0.06933015456158953,0.5829367260687791,0.2922775186148557,-0.16730473052877567
0.7323629679512003,-0.4864441380549655,0.47325127937732153,0.055225087536365444,0.6155870009932276,-0.11026180818081824,-0.1835392773916036,0.6983990528096276,0.4152348654514706,0.5829256320845277,0.004059187969048239,0.7134298156343607,0.5993971853331047,-0.1751092054759433,0.06197462303696958,-0.11522974183111304,0.9888702980850405,0.07082927545982502,0.5831482075233875,0.2922448940510214,-0.16768104138244028
0.7313500815000981,-0.4864531414340227,0.474916464047495,0.054265566019300826,0.6147126321530827,-0.11049403496755766,-0.1848929940075433,0.6985315963618353,0.4142495761742336,0.5834688982234683,0.003865530952674952,0.7138416345969674,0.5989151136286828,-0.17449183569884585,0.06113929550297244,-0.11612999141685351,0.9887664585719137,0.07153112638619562,0.5831683839800238,0.2921000468179211,-0.16783824316776372
0.7288037581758425,-0.4870302064229038,0.4783877811638371,0.05283740089720763,0.6130885160966191,-0.1115916851460803,-0.18721617179055655,0.6992062665124792,0.41242154357103444,0.5839571736842221,0.0036175365790008475,0.7146876932016437,0.5978697656643268,-0.17361314197444314,0.058745499701387795,-0.11795880562882195,0.9885588089226747,0.07339051533296999,0.5832119936781374,0.2919655530335818,-0.1683098470921944
0.726502793095505,-0.48784832704791586,0.4812119278017757,0.05131064180341381,0.6111987064487934,-0.11261869221127088,-0.18988044375593766,0.700039689742049,0.4108616022550317,0.5840591005699178,0.0034847696828797206,0.7155709693921898,0.5967763903896752,-0.17313307446997725,0.05600815324117312,-0.1196310642183494,0.988364756022478,0.07540957695893942,0.5831624968750878,0.29180644185134025,-0.16861745497509645
0.7257782515481751,-0.48813291484432847,0.48212956347844443,0.05023217141770883,0.6103429538306901,-0.11274354799333218,-0.19151763003318856,0.7001576781972708,0.4106702577663646,0.5840489903428503,0.003992734277641949,0.7160956412640986,0.5965374118769042,-0.17277665079231966,0.054969541151014774,-0.12061132026129687,0.9882176620977119,0.07653176653264046,0.5831586870956944,0.2917005727294694,-0.16875522113828526
0.7245885603856874,-0.4883283606861733,0.4839828140437862,0.04761791698520196,0.6087302821127876,-0.11305792061330064,-0.19495617725787323,0.699734319999744,0.40973010455919007,0.5852102069539847,0.004704945194752354,0.7168906984989025,0.595822316527692,-0.1713232516272062,0.05270176583951154,-0.12225578782925982,0.9879480680219634,0.07895987025897476,0.5830786049650439,0.2915393940796511,-0.16905173172507854
0.7240672923157019,-0.48869886991392153,0.4845153121506262,0.046312881955730356,0.6077253084105719,-0.11331922035968911,-0.196970747696815,0.6995560096930495,0.4091687048023114,0.5858113231718067,0.005239652319964006,0.7173332668030412,0.5953881704964992,-0.1705944825373618,0.05163833999022298,-0.12278991660190348,0.987868097772747,0.07982944085239695,0.5830190451526732,0.29141674500578324,-0.16928938650857828
0.7219645911561405,-0.4889475924866222,0.48762084844982817,0.04385531980675284,0.6058794383485121,-0.11416357892035475,-0.1999402290485346,0.6986734227831375,0.406794913530273,0.5885136617919561,0.005001650389220319,0.7186348569930779,0.594830148405746,-0.1680837129052622,0.05084543423621916,-0.12498376714794619,0.9876516251290188,0.07961197866430873,0.5833140208657394,0.2912520537953119,-0.16961489733868937
0.7208673880762078,-0.48862826585866526,0.4896481211081953,0.04286425209138525,0.6051577265777215,-0.11455660908943309,-0.20099452019108324,0.6985530711208014,0.4054608990341741,0.5895795690999407,0.004582344598998858,0.7190106301916147,0.5944069819660946,-0.1670332955434265,0.0508896081726872,-0.12638316398243224,0.9874259837398237,0.08017150539475777,0.5835027056724674,0.2910052077098181,-0.16986140733623456
0.7184984151324408,-0.48771180048083373,0.4941177123429293,0.04177216145837388,0.6033018639202252,-0.11571797999623208,-0.20291727437995985,0.6987520626726916,0.40301378066862054,0.5910251691006095,0.003833665535727313,0.7198326806861124,0.5934281571981781,-0.1655053973736534,0.05005017604029729,-0.1289137304147195,0.9869468563024613,0.08253564577553812,0.5837976098069424,0.29085267723712194,-0.1701767809878065
0.7177049097776702,-0.48712163501958183,0.49586509255113154,0.04159309036526665,0.6026286018968533,-0.11639427942513511,-0.20421491038035577,0.698810227621285,0.4018619052902358,0.5917413219581792,0.003671884472061948,0.7202296290919487,0.5929188321951552,-0.16473733334862628,0.04818078105419435,-0.12974943477296552,0.9866820782088987,0.0854527533463509,0.5836653021431718,0.2908231241371021,-0.17038151178338368
0.7156877374021279,-0.487842552221339,0.49804104853565145,0.04190251481596039,0.6003231349643077,-0.11797384569348349,-0.2078314239516591,0.6987726709728618,0.39986616620594534,0.5931360911576486,0.0036579764128913676,0.7214140727665058,0.5922690183719486,-0.16311347479820876,0.04442693873686293,-0.13177454142427691,0.9863236754543465,0.08847216842104434,0.5839995902701637,0.29088077360876846,-0.17066783919409084
0.7146211218209294,-0.48754570048053697,0.5000822173541846,0.039161436087828336,0.598560608139224,-0.11859458862916049,-0.21111959650556347,0.6990922966922586,0.39789500646089526,0.5940846242923662,0.003603292719915131,0.7221616825350653,0.5910102784894345,-0.16177340733379417,0.04247746746601992,-0.13362731807742437,0.9860227970211547,0.0899913794520721,0.5838815008281686,0.2905665996966312,-0.17099329936109664
0.7143204163235404,-0.4875933632691595,0.5005956858574452,0.0374568314216201,0.597758948376096,-0.11869971985553324,-0.21324066165534797,0.6992246279070673,0.39699739718414656,0.5945291904822028,0.003609435109934698,0.7226088152758746,0.5904614329252897,-0.16111151259077364,0.04210487696705,-0.13475015384472805,0.9858539691001973,0.09034116992710961,0.5839889888015846,0.29058280340072823,-0.17123174324472676
0.7130870504687105,-0.4882968013709085,0.501939494182229,0.03361303920894974,0.5958825282073396,-0.11908833063317605,-0.21710079281915037,0.6990729165115304,0.3949167683666725,0.5960937091784709,0.003177001847590056,0.7232653819429603,0.5894016082259345,-0.15943854858538792,0.04235086650688147,-0.13744838509580037,0.9853782276744917,0.0913460123144433,0.5841895971579306,0.29029857968747136,-0.17145428792274642
0.7115932415301178,-0.4891290040556479,0.503340961401544,0.03218311009767157,0.5947567459818401,-0.11998814430411876,-0.218529698395891,0.6992844065517723,0.393911178136775,0.596512793453062,0.0027910104368041267,0.7236318604705043,0.5888887875764273,-0.15885307704669094,0.04199256445364313,-0.13863991812224655,0.9851440073273101,0.0922327624044321,0.5840158715880318,0.2903009798553557,-0.1717082745411002
0.7084140408100623,-0.490416351164845,0.5067009420417181,0.0299249833308949,0.5924765776064724,-0.12210437269716275,-0.2211141564113852,0.6992445142157037,0.39161305014399883,0.598070508381779,0.002827596173222491,0.7245361705602568,0.5876438818439119,-0.15705182985032642,0.04052476003503336,-0.14110039970482147,0.9846920249781592,0.093968276411004,0.584014659871914,0.29011130431760523,-0.17200944759884504
0.7069462586594907,-0.49065804980808536,0.508524750560571,0.02973623367516549,0.5911407750892026,-0.12301115231304721,-0.22248307352660895,0.6993279496732002,0.39035598857717096,0.5987937911110386,0.0029354241069367644,0.7249553266402107,0.5866271688139029,-0.156306156736637,0.03947553572356352,-0.1423881762327858,0.9844793272122203,0.09469817126118504,0.5841421093182096,0.2898859698405877,-0.17228371809777368
0.7060056866230066,-0.4895553311465685,0.5109408714363487,0.0288266213388836,0.5896081201778394,-0.12392568806697148,-0.22562296753510913,0.6993845328928747,0.3880400137160887,0.6002317223480323,0.0028464701909248283,0.725740787723213,0.5854336305626509,-0.15445206306415415,0.03703953394054141,-0.144732268738267,0.984006512848393,0.09701456583053346,0.5843521550979569,0.2896885877812892,-0.17262436342773635
0.706851540129434,-0.486803778809689,0.5124716035688264,0.027492484224790403,0.5885052477022836,-0.12344764409633109,-0.22972110800714557,0.6994752338849464,0.38568709340718443,0.6016427489346794,0.0024219444749444,0.7268490328747478,0.584720081256954,-0.15313534992665437,0.034170763750259965,-0.14683949486777623,0.9835332891050228,0.0996633878310176,0.5844434018132756,0.2894275415602249,-0.1730770081052402
0.7068793270805761,-0.4858784266988145,0.5133517802027016,0.026715560587677982,0.5878611278152515,-0.12371767790676755,-0.23191299893530107,0.6994719328161546,0.3844991138258227,0.6024075773036485,0.0021348247559952386,0.7272460707479287,0.5841429485459437,-0.15225954520156712,0.032978990623448584,-0.1480238390379812,0.9832879677628047,0.1007278596358019,0.584491791549675,0.2893130405509641,-0.1732524119185532
0.7051593931833424,-0.48564133288278744,0.5160055207504578,0.025318541746689276,0.5859586600990869,-0.1250120277280856,-0.2352382179473407,0.6996071118241338,0.3821484919372608,0.6037463418336243,0.0016655082370834683,0.7286042525869886,0.5827622172225975,-0.15029120692534398,0.03162626390822543,-0.1505096921961656,0.9828166278282764,0.10206903570857309,0.5846115865866107,0.2890131775863972,-0.17355002590577207
0.7038994359293627,-0.48612722009438514,0.5173126892015684,0.02436168246800326,0.5848126020603105,-0.12577133492000972,-0.2370710054148816,0.6995270233197342,0.38106451213488474,0.6045246264059623,0.00132563402420412,0.7290272539517755,0.5822081828234249,-0.14933713839847323,0.031314145974704374,-0.15203736504792484,0.9825443650733291,0.10252138583635806,0.5846846973877751,0.28885285465754723,-0.1737048182775025
0.7006960020113552,-0.487820215596994,0.5201516547784931,0.022333966315922563,0.5824246569117,-0.12744280284878753,-0.24056979313835308,0.6996376589332383,0.3788125995822958,0.6058113617119887,8.686891200506664E-4,0.7295870797139122,0.5812399545734094,-0.14767576255607978,0.030445902462329248,-0.15491293693218225,0.9819678961691577,0.10399076827977881,0.5847768838475886,0.288504690118178,-0.17407199886152278
0.698772136934181,-0.4887157879528702,0.5219643061386674,0.020679515642845727,0.5813365152469464,-0.12832123187366695,-0.24215132992038482,0.6996528348328667,0.3777451807883404,0.606460397894673,5.242966263260171E-4,0.7299675025171342,0.5807022387541037,-0.14682758680426014,0.02987365556609043,-0.15626050490038984,0.9816643375804444,0.10500165538762395,0.5848449420963583,0.28829040501441494,-0.17429191592515855
0.6965744344620378,-0.488659497189572,0.5250621046512872,0.017485403040463983,0.5795951665843895,-0.1290970367825098,-0.24573282397075355,0.6999188783231062,0.3755527234170089,0.6075143563711934,1.5001295655769128E-4,0.7313723387871355,0.5793567455923871,-0.14504381092485347,0.028235567309633745,-0.15869508101122454,0.981102135708982,0.10703841977915439,0.5849948962191907,0.2880079414253398,-0.1746633338803441
0.6972190848177178,-0.48651132381947204,0.5263113793595168,0.013733590865166878,0.5785504718754345,-0.1286023384699554,-0.2508224546326783,0.6998795932210491,0.37338083041589154,0.6088967558506017,-2.2624166504573058E-4,0.7322368276638198,0.5779616716278673,-0.14327874431218962,0.025921272236131228,-0.16108158863671332,0.980594864368027,0.10869462462782475,0.5851809935839999,0.28779156857841875,-0.17505334627528019
0.6969483402222882,-0.4859810946999245,0.5271999753454574,0.012065349203811644,0.5781161753952098,-0.1286512721943516,-0.2529574074888309,0.6998698212436176,0.3722204040745746,0.6096178703663127,-5.061946550528626E-4,0.7326398013069274,0.5773167390744903,-0.14236321124171625,0.024872407810555414,-0.1624891797615223,0.9802917941091734,0.10957476074512307,0.5852420661949155,0.28761917098917156,-0.175203609134791
0.6946434786635817,-0.48626185747528206,0.5300252354338141,0.00964848786995387,0.5763569168531595,-0.13008379312393326,-0.2567255740299521,0.6999100650940734,0.36986676912380245,0.6110016575672207,-0.0012034650134736934,0.7332582668111671,0.5757773982071532,-0.14067947608474113,0.02316919419341008,-0.16558180057895136,0.9796310841266306,0.1112150833760563,0.585329267747759,0.28727867729173123,-0.17546385807165513
0.6929904568592075,-0.486695036801365,0.5318029095750789,0.008822313895193945,0.5753677405694023,-0.13090772334247244,-0.2584047872867323,0.6998585185331871,0.36879016250897423,0.6117102926540942,-0.0015452942048996203,0.7335840418605912,0.5750916065865689,-0.13975883528479094,0.022085960551080083,-0.166815828394632,0.9794070853017306,0.1115636634586619,0.5853516616442248,0.2871556400520233,-0.17561084793765172
0.6899518318960544,-0.486943269492375,0.5355483437542552,0.006379142687643549,0.5740071903899333,-0.1322750897164286,-0.2613310936677569,0.6997337757889854,0.3666761609115317,0.6131207857328563,-0.002034242265596273,0.7342657023418995,0.573773133734794,-0.13793297522870576,0.019859035053962346,-0.16937149920537234,0.9788573221076315,0.11294802760529508,0.5853977493093684,0.28678805265527085,-0.17588721685690098
0.688902507204749,-0.4867944121508973,0.5370468655739461,0.005019964429458247,0.5733646162354948,-0.132596254869953,-0.2631224257405259,0.6998574982522344,0.3654416293677125,0.6137155235338487,-0.0022702067679638326,0.7348931922976414,0.5729175949452185,-0.13720869166503769,0.019259162423898323,-0.17078909804233866,0.9785065023301015,0.11395259343395943,0.5854158626860612,0.2865587221814236,-0.17595126404948347
0.6875324145298118,-0.4869617313798141,0.538667322728478,0.002228579573319845,0.5720254072931344,-0.13322096089161226,-0.26769726657949683,0.7000734575259152,0.3630313448349798,0.6148956085826764,-0.002964334791551612,0.7356277480423921,0.5715300018666771,-0.13545090761771808,0.018714993662310032,-0.17373583800912917,0.9777319280863339,0.11621482007070158,0.5855406707754952,0.2862335214742511,-0.17628272209069495
0.6859203202764032,-0.48734335238973653,0.5403756790161931,-0.0019739911950319164,0.5714499985169755,-0.13326959188739818,-0.2720099629034834,0.7001356551285921,0.36080262170248034,0.6161319122460048,-0.0036054545282724203,0.736509600740735,0.5701386817774127,-0.1336596046750312,0.016918297648991748,-0.1768728565611172,0.9771017348737588,0.11705538656235193,0.5854556979091183,0.2858757147237973,-0.1767208002975472
0.6848542208888386,-0.48762503297838816,0.5414609829007965,-0.004065383090329307,0.5711888665926321,-0.1335264156208495,-0.2740371588433841,0.7000936848720931,0.3597558980277095,0.6167901585583844,-0.0037982287995330767,0.7367976268349017,0.5695129752142468,-0.1327343830519633,0.015501148741366405,-0.1785515000006583,0.9767880864301007,0.11732054570038164,0.5855042078314545,0.2856034376201413,-0.1769383084553008
0.6819658461315715,-0.4894878627952043,0.5433925624044178,-0.0069814045717159845,0.5698654392107987,-0.135247019565807,-0.27767139411083536,0.699725744139667,0.3577663144069433,0.6183611131319361,-0.004084241679226311,0.7375838073738905,0.5680955829938601,-0.1307966133887085,0.012888509097677579,-0.181915617227362,0.9760414646964615,0.11867457071847015,0.5855778139014798,0.285216159363647,-0.1773976492006187
0.6797333468454679,-0.48986278966755437,0.5458118647539754,-0.009296923102196705,0.5690017015436004,-0.1363022493242206,-0.2811064454096985,0.6993633076441931,0.355563486733375,0.6200360097097902,-0.004573563833566349,0.738140832998271,0.5668481457396112,-0.1288156883643342,0.01107407115760045,-0.18537864191086392,0.9751656060344036,0.12068208184662117,0.5855303500763918,0.28479345616622026,-0.17769554170123603
0.6794196560140112,-0.48944937232372027,0.5465574259152535,-0.010159878474237662,0.5687335696280049,-0.13663984389456937,-0.2832799883206048,0.6992141437534181,0.35390170987039304,0.6211501801650244,-0.005061087525821857,0.7384157691618851,0.565721647113034,-0.12787617038575816,0.010533994793811879,-0.1871116450666485,0.9747359105385205,0.12152436768310197,0.5854129709086522,0.28451267025064547,-0.17778600572455985
0.6793421477001772,-0.4887785816858977,0.547242217306782,-0.010756395325072091,0.5679178343535057,-0.1373806871823873,-0.28804399057390145,0.6987794279952474,0.3510573722048303,0.6232369821916193,-0.006457279609667821,0.7389466371212082,0.5641505664529664,-0.12582400215119985,0.008983954559857931,-0.1904461537317514,0.9739880000779483,0.1224619401830927,0.5852575121525063,0.28387612550805486,-0.17794680813556193
0.6789506701418905,-0.48835720187846227,0.5480829310098322,-0.011761446466663078,0.5676675268021522,-0.1375407694070134,-0.2901487857126823,0.6986084962062086,0.349863803431319,0.6240895594874946,-0.007328698095588842,0.7391678460249701,0.563359014296139,-0.12494897331843123,0.00848289404009355,-0.192158979074542,0.9736551480893588,0.12246885264761369,0.5852693765373153,0.28365959049222156,-0.1780841779642391
0.6773568441279838,-0.488640500396485,0.5497500444394737,-0.013894449397068926,0.5669227549614352,-0.138461507590142,-0.2943644864539718,0.6979708388262909,0.34766586990726583,0.6260101018976828,-0.00874662059316309,0.7394525867898835,0.5617874311756216,-0.12311426257800467,0.007505828409906145,-0.1953726626226304,0.9729193705750063,0.12329267455756841,0.5851205351996493,0.2831469785783927,-0.17826799383406652
0.6739291632679709,-0.4900248144062773,0.5526483050142713,-0.016583580068220086,0.5658012524023946,-0.13989659933646745,-0.297250585707863,0.6975902257595358,0.34569815146708505,0.6275100435670854,-0.00958176494361637,0.7400383923757627,0.5601123008748602,-0.121241550271041,0.00592675505992861,-0.1981058827486179,0.9721487159709946,0.125083199634472,0.5848523353833115,0.28255404473974205,-0.17855509536275646
0.6727528681562434,-0.49035240485865006,0.553757642248382,-0.01762302722008564,0.5654015300119956,-0.1407611180325773,-0.2992451961626564,0.6974371146918315,0.3452826988022624,0.6279054068521014,-0.009804539971681087,0.7404524143251907,0.5594055529674369,-0.12076622384264253,0.005100103980112537,-0.19923245957153954,0.9718223226266669,0.1258641697902047,0.584990319200218,0.2823738347587752,-0.17869030687302184
0.6707536761268104,-0.4905712646205649,0.5559570389852574,-0.018469193098098823,0.5645897491825548,-0.1423652109806087,-0.3031392531974579,0.6966064883683857,0.3442102649060479,0.629407384713112,-0.010248803099641005,0.7407972668900371,0.5582054136395346,-0.11896491771372761,0.0032700621710503876,-0.20163332478317647,0.9711363427145266,0.1273872556001316,0.5849786208515566,0.28190504326830357,-0.1790583039688203
0.6696322443629582,-0.49024091962055166,0.5575789254658764,-0.019032601381362747,0.5643062590243975,-0.14297667603836164,-0.3047009807731022,0.6962947652797973,0.34344330022366365,0.6301659724113434,-0.01054260832509644,0.7409761881848936,0.5574105141288166,-0.11810846974399597,0.002533630980131184,-0.20298984304536075,0.9707460010602749,0.12822209544365248,0.5848996826648166,0.28153821240985205,-0.17908979985031306
0.6686938784086346,-0.48802657361230983,0.5605726243365508,-0.02090199204571983,0.5644701465367431,-0.14316210314412509,-0.3080972646304433,0.6960591058387254,0.34122271947215904,0.6316120950001122,-0.01161629650911038,0.741316314854511,0.5558221395909333,-0.11656338556899563,0.001411289003100086,-0.20555055178095047,0.9701056127379157,0.12900418233642588,0.5850237119029738,0.2813531718923703,-0.1794595047323163
0.6682398011827033,-0.4870948097641463,0.5618768477953742,-0.022104803271350476,0.5645516863923534,-0.14324262364190468,-0.30986026932820077,0.6958903839165114,0.34000389790441093,0.632444518022267,-0.012159547932384874,0.7414928292370788,0.5549979645921633,-0.11571604263844852,0.0010963384694199967,-0.20680402481395102,0.9698592026175424,0.12885658873637842,0.5847342814009661,0.2810512503245197,-0.17937153373546816
0.6664065067390113,-0.4868971754685119,0.5641407674728167,-0.024056241848523088,0.5641985185337781,-0.14434349350206546,-0.3136655670408439,0.6955562206862677,0.33772616302900393,0.6340042415256831,-0.013461218287580541,0.7420886101587894,0.5536084062492457,-0.11412841046447138,-1.234833133153795E-4,-0.20869184332441046,0.9693329649747909,0.1297740432247995,0.5824663520307686,0.27970212063691474,-0.17812754116597446
0.6650191091656936,-0.487150216943716,0.5655235193596244,-0.024847527588519554,0.5638813201348917,-0.14470963078261606,-0.3154114120415136,0.6953835828764047,0.3369714686311591,0.6345785238676497,-0.014212636648036864,0.7421439110644923,0.553073991343392,-0.11343853657653954,-9.324244840050317E-4,-0.20958543911233699,0.9690511163561414,0.13043392267959622,0.5823681807048176,0.27958763991882013,-0.17818760956700325
0.6634783840892551,-0.48480363376835534,0.5692578828073009,-0.026595740129929504,0.5639083503217823,-0.1450340320620004,-0.3186013479852944,0.6946735055698647,0.3361766781969192,0.635750322428004,-0.015345658293121452,0.7422676810309107,0.5520910777720279,-0.112102942520595,-0.0036516184131490416,-0.2111224956178265,0.9686061389794354,0.13121015607953634,0.5810353300805202,0.2785773492747565,-0.17760963807144822
0.6623108003872008,-0.48447768366518057,0.5708750437438616,-0.02697150628590992,0.5636370173905507,-0.14574808874408218,-0.3205943439177799,0.6944114678430324,0.33592821564770153,0.6361573814523447,-0.015771280339040614,0.7424117279779691,0.551671224242387,-0.11146381327134625,-0.0046138412375624025,-0.21202562397356903,0.9683541433563442,0.13158305473066864,0.5812080368659825,0.27869098007055054,-0.17778414384394256
0.6591822400465256,-0.48413738575080856,0.5746415281227897,-0.029612164431574745,0.5633416764527064,-0.14677121642672442,-0.3233726869780073,0.6939129294285867,0.33543778552752296,0.6369525792427366,-0.016054600843808494,0.7422253368083536,0.5508246129988792,-0.11017874230839539,-0.00532924032134022,-0.2137020167201069,0.9677485991982737,0.13328801895570327,0.5810509093867742,0.27777109651070686,-0.17828689545713544
0.657630475091474,-0.4835969039760699,0.5767397438825451,-0.032054025051753386,0.5635690317784957,-0.14686943592488,-0.32461044739728045,0.6938298239172319,0.3349522241627062,0.6372905579152812,-0.016368499120832037,0.7422311114771398,0.5503698947145348,-0.10964021080492913,-0.004896271727726165,-0.2143370358331941,0.9674216281626897,0.13465160584433764,0.5810004118925252,0.27771811017917564,-0.17826694292094403
0.6560569111587168,-0.48345924258111517,0.5784016559711278,-0.03616648246145964,0.563743377421772,-0.1474963853155958,-0.32838165501664823,0.6936620100771005,0.33351109287869396,0.6382009218596718,-0.017405460066335136,0.7423179710893659,0.5493179803412405,-0.10840901940896147,-0.00504376850876342,-0.2159754597889488,0.9668035170391367,0.1364555627628942,0.5812197262446854,0.27749118737263356,-0.17849342992330502
0.6549191757375086,-0.4826664265867125,0.5801820729004348,-0.03876539929203422,0.5643154788466929,-0.14787015654152333,-0.3320010692191943,0.6934551347697241,0.33170685801807115,0.6393244522654619,-0.018835634864536075,0.7424357857942122,0.5486143981583752,-0.10723856467246201,-0.005393442076882311,-0.2174215980352248,0.9664048816261108,0.13696847907308876,0.5812993938833001,0.27743889575244707,-0.1786862591599957
0.6545389748440001,-0.4815243806956302,0.5815126422436627,-0.03944677574465378,0.5646383078613046,-0.1478909874550677,-0.3335855192004441,0.6935748820875051,0.33065480968021355,0.6397122770219228,-0.019735308461529932,0.7423934956525746,0.5479230690702894,-0.10674955407238815,-0.0056524152489779,-0.21815114195485807,0.9661745465469883,0.13742225100167005,0.5812350656919221,0.27731232128346156,-0.17872076680864413
0.6531066371416663,-0.479271004008114,0.5848991916073147,-0.04054578764394794,0.5650528408299321,-0.1482713413241101,-0.33592337058755367,0.6937123071105963,0.3290928296173192,0.6403313931945309,-0.020900989146710146,0.7423629173260726,0.5470226209322568,-0.10566330823513773,-0.006153650675643897,-0.21936373533260936,0.9656983109975803,0.13881086535537485,0.5810480939476954,0.2771305949128697,-0.17881890785835913
0.6518971722782011,-0.4779779905555797,0.5873420595915405,-0.03995525440918302,0.5653184587195547,-0.14875392966350062,-0.33674895427948576,0.6939330649170935,0.32864214716058354,0.6403229796089644,-0.020921814193521394,0.7425867835031488,0.5467246874811604,-0.10535000313653324,-0.006574227680534769,-0.21990880853586436,0.9654809887594797,0.13943943417397497,0.5811890706440446,0.27712427829944797,-0.17891755998910852
0.6494459518949105,-0.4778931892198592,0.5900898052127126,-0.04039897336082082,0.5655047524242308,-0.15009606217872584,-0.33941305920184256,0.6943014663884356,0.32801770008256836,0.640253678524713,-0.020617694802862244,0.7428479796202947,0.5459096313159907,-0.10481117437389362,-0.007115064706223365,-0.22102786324815166,0.9651264230979884,0.14009656298519751,0.5810302313984615,0.2768982566354397,-0.17897989517894644
0.6472827208197324,-0.4770996967146282,0.592819857725045,-0.04433480585129177,0.5666015764727623,-0.14997460184144343,-0.34161969357763106,0.694429658737395,0.32788803430302516,0.640193057682149,-0.020241910046831714,0.7430486308828844,0.5453640749805814,-0.10438647706202724,-0.007391261855737522,-0.22205742465088027,0.9648403741638286,0.14042407838046048,0.5809417588879108,0.27665171601544325,-0.17897375362527612
0.6465437365796411,-0.4762733210876248,0.5941650214943193,-0.04596572138512684,0.5671153560436177,-0.14979538995573127,-0.3428784168898039,0.6943584239123703,0.32786187105858905,0.6402876425848686,-0.020117340803438504,0.7433161429446884,0.5451995366115135,-0.10389640618495119,-0.00706675174888521,-0.22247098660100384,0.9646899240264147,0.14081928711084182,0.5810144874170963,0.2766263268519323,-0.17894967852684818
0.6458990113641421,-0.47461185629075014,0.5958929902256618,-0.04969504187533918,0.568310108239394,-0.14931679443768214,-0.3456294817265505,0.6943465915578743,0.3275306381195741,0.6404646533350652,-0.020285948667533752,0.7435273634738212,0.54499084037948,-0.10351908855402947,-0.007279480661983929,-0.22347046896814907,0.9643206242107318,0.1417522217895428,0.5807086297934747,0.2763281671787935,-0.17892147552081963
0.6453301032750134,-0.47380798344014985,0.597026260518,-0.05113410688896967,0.5687738619488583,-0.1492128916683745,-0.34674925052923516,0.6944865071252857,0.32686226762863335,0.6406467889942459,-0.02052416071245154,0.7436283743239503,0.5446521475919354,-0.10325240147294162,-0.007441314868086453,-0.2237187747588176,0.9642790159595964,0.14163515112231154,0.5806228726721064,0.27617344473269706,-0.17894983842152995
0.6438380387115527,-0.47225153863658476,0.5996325527719332,-0.05377607106933834,0.569607176450439,-0.14917756280319083,-0.34858927430798026,0.6944606365066568,0.325291022298603,0.6414487328279578,-0.02130019502506946,0.743591291330679,0.5439021557809769,-0.10254753149006227,-0.007764434585055992,-0.22458476648569917,0.9640903029315314,0.14153191870220103,0.5804340197012263,0.27597681149988545,-0.17905199738289154
0.6418741027066158,-0.4725763130961072,0.6013198978878778,-0.05553057697502557,0.5701337508708978,-0.14967443546508513,-0.3506023496256124,0.6941460078500853,0.32450028401387904,0.6421615766436307,-0.0221222725611017,0.7437078892793278,0.5437802841546732,-0.10157090416665981,-0.007965869071797867,-0.2254605407559304,0.9638742394359148,0.14159992953321449,0.5804368830288953,0.2758513063871799,-0.17921636678312797
0.6412234346422864,-0.4726796937323005,0.6018439165507756,-0.056482865627649266,0.5705357592363566,-0.15018046242426772,-0.3519408462608855,0.694010586752608,0.3243506562646625,0.6423693467540079,-0.022529527443174824,0.7435102079131483,0.5434915703709268,-0.10157891777679633,-0.007997651178181043,-0.22602671968364343,0.963705182550047,0.1418459752367492,0.5803416585624311,0.27572158423556614,-0.1792453750056036
0.6400643512224176,-0.4718914216860822,0.6034567996888598,-0.058957640239355964,0.571655500163046,-0.15011897310616726,-0.35351682733229534,0.6937321729362265,0.32444017188099356,0.6426195352097648,-0.022679948628669795,0.7433684411294647,0.5433552672341049,-0.10131813852808431,-0.00829373625982626,-0.22626895824598128,0.963544441292772,0.14253309133997935,0.5800202955253997,0.2754608812128309,-0.17910323356513447
0.6395237529626867,-0.47131971922051236,0.6043495151117008,-0.06023915051417946,0.5721976480633341,-0.14982069970074918,-0.3543767934349706,0.6935764324322747,0.32436117807232756,0.642825472343693,-0.022736988370448647,0.7434821462969741,0.5429877178774967,-0.1011284111791272,-0.008360833991145369,-0.2262989944678511,0.9635797302444512,0.1422426272952064,0.579911587680309,0.2753432356035172,-0.17903873419437186
0.6390585499496464,-0.46948794436309793,0.6060265985487018,-0.06258595437842948,0.5735901920023614,-0.14909471453772985,-0.35542006325483894,0.6930545498789843,0.32443392892832884,0.6433628025892058,-0.02241251651933139,0.7436199265275205,0.5428562998331262,-0.10069812658421154,-0.0069554840848949475,-0.2276232524400493,0.9636182510537706,0.13992548883541814,0.5799359192499168,0.2749471417892869,-0.17888627232371446
0.6383333364930533,-0.46752840495012765,0.6081282428855886,-0.06424781935071687,0.5747781948577454,-0.14870600008200313,-0.3560557344956784,0.6926552323220996,0.324129649515381,0.6439326256563437,-0.022791951587823534,0.7434367320936061,0.542457629949375,-0.10033808224485162,-0.005996634628103719,-0.2282901347193685,0.963496269150908,0.13972327685547078,0.5798605711535618,0.2746998579962401,-0.17887526343668927
0.6377661767234453,-0.4669182222263205,0.6090833947137925,-0.06526174886174946,0.5752531773723578,-0.14863876835026837,-0.3566073473867516,0.6922684505585155,0.32420702714540445,0.6442909765215208,-0.023309514876898352,0.7431854181361743,0.5425230393458578,-0.10024091060452166,-0.006016190454836862,-0.22860603775645355,0.9633636647835774,0.14011971427483408,0.5797033414558623,0.27446841117832205,-0.17883807167765328
0.6366326341534894,-0.46763828306793664,0.6095418207513958,-0.06687371752142135,0.5756157165960114,-0.14910673837505667,-0.3580566969069583,0.6914644345531226,0.32407384228496633,0.6451897832964426,-0.024150031566827483,0.7426811500503869,0.5423814829436217,-0.09956182820855036,-0.007235725924949853,-0.22917764653905467,0.9630372277029494,0.14136671692932762,0.5792940058771341,0.27437419488068476,-0.17905723982013158
0.6360322478072025,-0.4678803721683853,0.6097329691988317,-0.06911326472441691,0.5764086903975975,-0.1492063551954961,-0.3596759631444225,0.6910458098095772,0.32394333324968855,0.645669286955679,-0.02505149635953687,0.7422942111289179,0.5423426149025159,-0.0992389811775178,-0.008150616109570576,-0.2295112995261336,0.9631033763901748,0.14032112183383144,0.5790233035933259,0.27431238925956,-0.17899680474753238
0.6357850218231265,-0.4676446982269546,0.6100746767933948,-0.06996235402716362,0.5765811009103736,-0.149239754348089,-0.3601180253716532,0.6908246885532145,0.3238614382143902,0.6459294558425179,-0.02549816852343888,0.7421124144147163,0.5422119429586176,-0.09911032749692197,-0.008075590234352571,-0.2295294375385894,0.9632108847301248,0.13955577266095348,0.5790250059284981,0.27422684161057753,-0.17893269824758715
0.6351568309220608,-0.46686252135663825,0.6111932058105533,-0.07111997930670313,0.5771126632689157,-0.14944154363521261,-0.36103523857057845,0.6900157056181366,0.32412458553118606,0.646636152821939,-0.026139336605657378,0.7416626303334506,0.5420978752299739,-0.0986226278328512,-0.005222412510802927,-0.23028134363247796,0.9632025513095831,0.1385065858834788,0.578999692991939,0.27391291394482686,-0.17877221296163587
0.635114403026462,-0.4657367798708739,0.612022609306498,-0.07174449554854781,0.57754363564983,-0.1491821309461949,-0.36129933507134304,0.6896686954871267,0.32439392360602265,0.6468635222335155,-0.026329762555421465,0.7413801997630005,0.5420349670934798,-0.09843303694297725,-0.003949979151261055,-0.23077621932038722,0.9631521418883774,0.13807492834227386,0.5790185924527157,0.273933719686344,-0.17871583038629102
0.6348190231777732,-0.46346766202532436,0.6138510014403044,-0.07341309215074238,0.5784035572738979,-0.14855754251568687,-0.36137784433824593,0.6889847191240311,0.32488283968707066,0.6473469550770639,-0.02632711611435748,0.7409286636714594,0.5418546618587151,-0.09820138568819164,-0.0028945224641240518,-0.23163224542029212,0.9631576410815119,0.13662167854171506,0.5785936746659797,0.273817835870696,-0.17858319433751504
0.6341612075021108,-0.46344000048475853,0.6144300333046276,-0.07442219442764389,0.5786048650939065,-0.14864474549700973,-0.3615842985290507,0.6888265928239539,0.32489466738771167,0.6475127656984122,-0.02624115811400597,0.7406932134843222,0.541660225120126,-0.09808698558641933,-0.003205839654091094,-0.2321279961400746,0.9631178215268378,0.1360528495015957,0.578400120420293,0.27366905331990676,-0.17845179895717347
0.6339012289898293,-0.46362452680902355,0.6142911644578837,-0.07660218858016055,0.5790616993795215,-0.14861518164814855,-0.3626472661917066,0.6884190339207511,0.3247127782012068,0.648022152430474,-0.026610812987378576,0.740287393745028,0.5413658920038353,-0.09772037707832618,-0.004106783814561543,-0.23241169868951414,0.9629731823304755,0.1365671510696167,0.5787470886097615,0.27399838626600204,-0.17864308819433936
0.6344020377370615,-0.4637905001556516,0.6134115925111125,-0.07847703264914732,0.579524759919079,-0.14852357133221986,-0.3641419472860774,0.6878638554782031,0.3243905429801122,0.6487259530086823,-0.027725977795323525,0.739776596978401,0.5413379045442486,-0.09702673062558675,-0.0051967869257788755,-0.23255500852929442,0.962797000763322,0.1375248949635657,0.5788954423436763,0.2742496186581562,-0.17887266343351854
0.635017971466939,-0.4630097281141227,0.613223636939168,-0.07956719603454378,0.5802240510002117,-0.14837448094606018,-0.36489896093473795,0.6873803649211012,0.32442621670947847,0.6491508662465221,-0.029308986401754555,0.7391304113446117,0.5413195494492072,-0.09649160265719621,-0.00557196206897709,-0.23306807659905365,0.9628345884356178,0.13637367862287206,0.5789207146628546,0.2743292495967096,-0.1790176667679991
0.6357076894164454,-0.46196929452845387,0.6132232488187003,-0.08010837433081047,0.5804620906196906,-0.14813942805969174,-0.3649924146045027,0.6872925825132133,0.3247887856191027,0.6490304253140434,-0.030010960915277815,0.7389390401270667,0.5416346399944767,-0.09632774932293181,-0.0050713955248690434,-0.23340843708857736,0.9629153147414821,0.13523638223351936,0.578835041505493,0.274273025833378,-0.17900357649473325
0.6368222698818122,-0.4610798431555964,0.6127007457816037,-0.08037767685653618,0.5812331893779159,-0.1475373552067379,-0.3656950507307864,0.6869904114314086,0.3258991958555323,0.6487578413305921,-0.030775835554724806,0.7384951044794689,0.5420494970228588,-0.09638138662843197,-0.0044675687723769435,-0.2337046030872008,0.9628980175752287,0.13486885138834873,0.5785506243284184,0.27433864800874624,-0.17888383960910284
0.6367215794315856,-0.46112555984074366,0.6127083108397767,-0.08085403005154028,0.5812925018185068,-0.14771863493638615,-0.3657342105673938,0.6868673989758792,0.3264283024475679,0.6486158016206107,-0.030907628077257138,0.7382311450966543,0.5422261544268694,-0.09628384324694808,-0.004235154385862808,-0.23376959169276845,0.962782579138583,0.1355859387045084,0.5785050131228411,0.2743772290087492,-0.17884883372391056
0.6368079808287529,-0.4607676170233518,0.6126825662054182,-0.08239460979561694,0.5813652297490043,-0.14748965824709856,-0.36559600492407435,0.6867307158173742,0.32722983696158814,0.6483514665257198,-0.03101505455416355,0.7377327235765918,0.5425081045470115,-0.09624203764694517,-0.004722983134393727,-0.23385802534512273,0.9626870749050709,0.13609450107447585,0.578579719005642,0.2747449721171943,-0.17893934824256894
0.6371783015364748,-0.46092916738380874,0.6119751742390651,-0.08387193106771677,0.5815912592322903,-0.14722568686853071,-0.3656099816741419,0.6867731274882705,0.3272075065175315,0.6482993638147295,-0.031398310718515135,0.7372821848496238,0.5425860358549429,-0.09593023920781368,-0.005365658982679022,-0.2338859034675545,0.9627961845159709,0.13524829368363897,0.5785767636371009,0.27502936078329304,-0.17892519716303734
0.637586629044098,-0.460969054445954,0.6114253559765841,-0.08455681744421435,0.5816747884663243,-0.1470558885492196,-0.36567848274533293,0.6867918585784616,0.32716619547765874,0.6482826150973254,-0.03176278466365952,0.7370821811001387,0.542652927373025,-0.09578749901192991,-0.005405314478975534,-0.23406923935216395,0.9628237283516606,0.13473248267396512,0.5785712428817592,0.2751215411398663,-0.17893199593961298
0.6393060500409887,-0.4605852450967964,0.6098246680383514,-0.08522253593989762,0.581799615473182,-0.14653129066306922,-0.3661353905396227,0.6876569056909344,0.3262522731275932,0.6477773293053113,-0.03274089144671952,0.7369787342823249,0.5425543372491529,-0.09604374333018136,-0.0046520935518117,-0.23440731158866648,0.9626873920661541,0.13514642228422477,0.5782632197570413,0.275274366091151,-0.1787685035724042
0.6408399651110173,-0.4604646501532228,0.6083855423141201,-0.08463732615657578,0.5816827666157486,-0.14645770213335382,-0.3661789005451562,0.6879496650316324,0.32638330602224824,0.647373162806944,-0.03327437467761179,0.736787741898365,0.5428620645429645,-0.09618499038636087,-0.00427404046248561,-0.23399658574426,0.9626802540953575,0.13591930993443196,0.5782277238338679,0.2756195837761172,-0.17869384909607702
0.6414193402630932,-0.4600942472278087,0.6080587079676769,-0.08461159063044336,0.5816092849540665,-0.1462636100476357,-0.36598860405675854,0.6879835836398864,0.32666098209070055,0.6471943139180236,-0.03332733793355333,0.7367257051776901,0.5430018187876227,-0.09599041426898759,-0.0043975124993960715,-0.23368098768490123,0.9627644511159664,0.13586195032384477,0.5781347764742176,0.2756949241318893,-0.17861951097974335
0.6427041433805918,-0.45975953522426977,0.6070193265101533,-0.08414327718209648,0.5808752660614382,-0.14626641906257204,-0.3652980193168711,0.6884078803075447,0.32693998826761544,0.64660251746797,-0.03331694472979254,0.7366389818062042,0.5431509508840847,-0.09589846237305476,-0.004292363183252407,-0.2332461619076955,0.9629402887951537,0.13536544532759556,0.5779973433947008,0.2758345112118775,-0.17855931098463645
0.6435952009613735,-0.46030730517785245,0.6057973825495165,-0.08313803819881298,0.5798976531495704,-0.1467042978663738,-0.3644532189457778,0.6894417761293814,0.3275809602297547,0.6451751722036099,-0.03331289531935241,0.7367229852662273,0.5435221169908288,-0.09647912817773185,-0.004323235265995491,-0.2326293347329328,0.9631141376453575,0.13518897930744056,0.5776450005571615,0.27588501612315036,-0.17838541167720146
0.6445398389497439,-0.45997027105857513,0.6050505278089506,-0.08312403110442435,0.5793101152423513,-0.14645097707873891,-0.36403935855932246,0.6896934939201064,0.3278347004890377,0.6447735885921679,-0.03338132791721753,0.7367551147364646,0.5436793989757954,-0.09658889448080746,-0.004749350219706479,-0.2321749493056791,0.9632458328324615,0.1350174141297829,0.5775038182896504,0.27604424218445855,-0.1783668673340343
0.6459849663435412,-0.460142381827372,0.6032969056813114,-0.08369740318386008,0.578228071791882,-0.14599101351091537,-0.36273736283831537,0.6902277133160317,0.32856790672055586,0.6438584502077147,-0.0327891832761023,0.7367922010897986,0.5441803037209479,-0.09684557016018204,-0.005123388554272117,-0.23143078185302535,0.9634455982251379,0.13485593558025286,0.5775887971912942,0.2763318860594778,-0.17843720280931352
0.6469157526514714,-0.4615779225282217,0.6012238630357178,-0.08352063770302344,0.5763779886105823,-0.146593716933499,-0.36198700929365696,0.690852831884224,0.3287996037922873,0.6430861124644877,-0.03245669698067452,0.7367132193494356,0.5443206403911712,-0.097049673997562,-0.004840671780844741,-0.23044273481415842,0.9634521593044753,0.13650146739000918,0.5774974450985055,0.2767536928055204,-0.17834569852146442
0.6478906667066738,-0.46158094869803645,0.60016777309906,-0.08354253962334046,0.5756539734606426,-0.14636035403988681,-0.3613185374958198,0.6914740119157223,0.32847522675830354,0.6425773895345244,-0.0325885671709079,0.7367977332645402,0.5443662251334456,-0.09725899877117333,-0.004575678299408968,-0.22984513696863362,0.9634847082439666,0.1372861725011261,0.5772787658888621,0.2768596439188764,-0.17817944640734779
0.6502362245240572,-0.4614670449249856,0.5978437826054825,-0.0826064789521363,0.5738036070623362,-0.14615522420623597,-0.36024140068911403,0.6928253203912653,0.3281351574828092,0.6412940255659475,-0.03259396603505845,0.7372419487324771,0.5443084173219375,-0.09801004688710865,-0.0037173453632240606,-0.2290151014876523,0.9636428126460868,0.13758922294129683,0.577002474545611,0.27703438800366154,-0.17791773609353173
0.6513972429831283,-0.46145971947519304,0.5967231452510515,-0.08159685690973616,0.5726285976022849,-0.14631352514983623,-0.3597281036487111,0.6934321080686988,0.3281065468315139,0.6406606974488502,-0.03243264050386073,0.7373873476475079,0.5444736816185702,-0.09843136171322453,-0.002641008079112016,-0.2286425602402964,0.9637317586132409,0.13761069058513745,0.5768594401762618,0.27710203423459207,-0.1777608527502479
0.6531059226533324,-0.46142596645061623,0.5952770436791446,-0.07863823846496176,0.5695966535949107,-0.14706157976680337,-0.3574066797731067,0.6944463783239211,0.3286683450552732,0.6393106933423178,-0.03167307957212735,0.7376224664173207,0.544571164904022,-0.09904156369253547,-5.637896204557426E-4,-0.22758386606150122,0.963869050340783,0.13842586407504096,0.5767891926020701,0.27725499018496835,-0.1774735309535938
0.6541193553761492,-0.46154683183884676,0.5942615335029591,-0.07717266835172867,0.5681355952435405,-0.1473007014130177,-0.3564087809019226,0.6950079991576958,0.3290771463473846,0.6385125567145379,-0.031206213748903183,0.7377634157222389,0.5446001823553566,-0.09963540440130263,-2.492471489341352E-4,-0.22686908669201533,0.9639620462878005,0.13895153362243254,0.5768360634388956,0.27738010400623214,-0.17722954411112532
0.6556263162878617,-0.4621567013523572,0.5925401613092747,-0.07390178632141284,0.5645981272923271,-0.14796559797112588,-0.35397689184219494,0.6961324294486368,0.3297221182700446,0.6370111354388164,-0.029996311780008788,0.7380581955158675,0.5447774999774819,-0.10032104044048241,-2.4586330061655316E-4,-0.22531308345922235,0.9642268410656737,0.13964438027306095,0.5764792621195007,0.27758587757430137,-0.17697601581033992
0.6572522618153592,-0.4626286691837962,0.5907432035175392,-0.070828287326881,0.5606333709992488,-0.14881773061426112,-0.35167133474166784,0.6974086571924581,0.330172420527652,0.6354458916179955,-0.028563200481294175,0.738793472774072,0.5452654348188669,-0.1013614417917228,-6.50622865934966E-5,-0.223838434217109,0.964506309588078,0.14008543785461083,0.5766575224212869,0.2781356052633637,-0.17694706583617073
0.6584334667972134,-0.4625615971735628,0.5896694954557121,-0.06922445197075568,0.558789399610935,-0.14898382617073433,-0.3506578989359253,0.6980165309215325,0.3303778462339697,0.6346956664961393,-0.028014499979373643,0.7390053162640632,0.5454775781467613,-0.10177779294213501,1.8432687701594452E-4,-0.22315724276564483,0.964637003720628,0.140272100140144,0.5764966567959523,0.27811990925007435,-0.17680462141513142
0.6608610616628926,-0.46219590393262605,0.5876502037344615,-0.06561129183717607,0.5545617764028289,-0.14948882811627676,-0.3485444314181787,0.6993975417657201,0.33063675508763285,0.633075221877666,-0.02716943506465466,0.7395123215585478,0.5455900237505831,-0.10299246857207414,0.0015200686483329276,-0.22190742605567504,0.964847957172117,0.14079489761153327,0.5761303232305252,0.2781224559294978,-0.1763996149395775
0.6620054931650724,-0.4619718646196636,0.5867365473236335,-0.06380397600339585,0.5522202267897027,-0.14967538883699563,-0.34707736190232913,0.7000274738018145,0.33065758816995283,0.6323876343171668,-0.02670159678777718,0.7396256835653121,0.5455522269186069,-0.1032691571471673,0.002472793424867715,-0.22113772422661587,0.9650325665554766,0.14072717471725474,0.5759845945427593,0.2781359280228697,-0.17619737432392354
0.6643741437902966,-0.4620281788821668,0.5844018875945071,-0.06009486465344522,0.5476738288918999,-0.1503537002113871,-0.3443171438147828,0.7010169864063507,0.33095378384170937,0.6311833489465172,-0.02554129486288098,0.7401671145386404,0.5460297794708108,-0.10400855501343458,0.003789540740883812,-0.21966639560056345,0.9652760431662928,0.14133108120316368,0.5755732041025493,0.2782306585222661,-0.17579385373886106
0.6658405188624956,-0.4623958622252142,0.5826590269127626,-0.057921743715086065,0.5453381981188701,-0.15081878270879717,-0.3435082726101143,0.7015139838765785,0.33103980676343386,0.6306080213070747,-0.024986000616664897,0.7402635060008484,0.5461215746796811,-0.10430683665111685,0.0043583991243176705,-0.21889680716654436,0.9653855190667512,0.1417603320593782,0.5754314929769878,0.27828276237780286,-0.1756160128972981
0.6688626081046718,-0.462748261523177,0.579310312320323,-0.05372541275805524,0.5408638145338059,-0.1514821206104209,-0.3411385301668972,0.7027383502456904,0.33105353905521934,0.6292625845595566,-0.024309772652299763,0.7406479130179479,0.5464349206821867,-0.10548278093810266,0.005061998365606521,-0.2172534385034004,0.9655791382324386,0.14294141261823695,0.5751937122210233,0.27844703755011446,-0.1752065013664902
0.671510043714353,-0.4629751454228885,0.5764085378710311,-0.04981438929449472,0.5361113194810136,-0.15208674064137048,-0.3385277634462672,0.7043476190890151,0.33091776572780085,0.6275726239977059,-0.023247912121091497,0.7414678590024094,0.5463873713944241,-0.10659129691077787,0.0061060036001494376,-0.2155634858822127,0.9657484701641962,0.14430867142988524,0.5748010590841919,0.2785246467891555,-0.1747519635563326
0.6729683636544181,-0.4630466934651878,0.5747971473492627,-0.04805809599225813,0.5338002716355362,-0.15224785490059708,-0.33713211525198555,0.7049758181386314,0.3311341471731303,0.6267777149641827,-0.022560328897621662,0.7416469789251128,0.5463842460747298,-0.1071396005117106,0.006654514037530188,-0.2149126440594387,0.9658113112323442,0.14483364236932528,0.574635644205391,0.27872099914333226,-0.1745755498091859
0.6763540096678099,-0.4630032724731024,0.5711194610208408,-0.044674204287690956,0.5295212663251706,-0.1521642704238619,-0.33466757120780566,0.7060564722738523,0.3319481367778185,0.6251753823678974,-0.021223424113248117,0.742437400749916,0.5469874405721002,-0.10830324912174703,0.008031589749493287,-0.21325152665497432,0.9660433559555226,0.14566919495765168,0.5746600597587561,0.27916175826293127,-0.17438975551265515
0.6792614736739564,-0.4627824880401943,0.5681229406570051,-0.04089674124976084,0.525083211301811,-0.15216317987409267,-0.33158224567443545,0.707500125025828,0.3323551878179986,0.6233709547176552,-0.019805429389429075,0.7429961447851903,0.5471193759248075,-0.10942306019686847,0.009110348676272613,-0.211685045730514,0.9662185013425729,0.14672508519124955,0.5740070995689885,0.2791582929661079,-0.17376064575125583
0.6827021675861747,-0.461155075526227,0.5655732082760562,-0.0371576744410531,0.5206322563351301,-0.1518454060471012,-0.3279304184622583,0.7091669471270057,0.3321668044064622,0.6216083370720678,-0.018722458050707023,0.743889965791146,0.5473543966563917,-0.11050496121919029,0.010175284611390249,-0.2099002033814115,0.9663289318647033,0.1484815262742853,0.5737773903639753,0.2794229850800084,-0.17341745979611561
0.6841253969464722,-0.46117239419040273,0.5639700509721737,-0.035074858459694346,0.5178523585335749,-0.1522664667137576,-0.32637808239879057,0.7099284075990506,0.33201141789980193,0.6208331324885468,-0.018338377041001084,0.7440091610439497,0.5471440725321687,-0.11106434143144357,0.010728649819297048,-0.20902949653412325,0.9663589815496431,0.14947201888675604,0.573591343537049,0.27951572428700183,-0.17320392273650062
0.6853833512416847,-0.4612659038865474,0.5624765774308441,-0.033219385818036525,0.5154789460107342,-0.1524586809663677,-0.3247326991636242,0.7107732415896987,0.3318789194236108,0.619947717425487,-0.017961334616806126,0.744345302762854,0.5471600578859087,-0.11160934736499431,0.011287444354303991,-0.2081920373715814,0.9664061063737552,0.15029273681231858,0.573293933927305,0.27951079963992576,-0.1729327476531276
0.6891588153391045,-0.4603803284697345,0.5586991448250662,-0.03107001722305662,0.5110653206075192,-0.15174039556824642,-0.3216005932192067,0.7125264661891825,0.33199706452795325,0.6178935704663584,-0.017073948023614702,0.7446710547220589,0.5471710687055678,-0.11273271990119316,0.012552531911841296,-0.206468690156694,0.9665416924746325,0.1516913663853478,0.5730186481249597,0.27976379329410195,-0.17254001421595466
0.6923304534275804,-0.4607441750333736,0.5546128971602555,-0.02824681810548992,0.5063937205409245,-0.15203230277414534,-0.3191281803400591,0.7142813429703568,0.33246159471002257,0.6156547768711816,-0.015512796106048178,0.745418348983862,0.5471772765852163,-0.11368344492253518,0.013668345189563346,-0.20466264798166275,0.96663953257894,0.1534092269600539,0.5725905675619166,0.2799714075597411,-0.17212458872970404
0.6937550581600298,-0.46112030972122003,0.5525621391725816,-0.027332427499222996,0.5041361650796468,-0.15185902991036004,-0.31789675719074556,0.715281491547919,0.3329444538121693,0.6142586446826365,-0.01437692447469475,0.7458095634853619,0.5471952005819142,-0.1144401160577599,0.014230077092724256,-0.20392285943701743,0.9666523832061004,0.1542599829733296,0.5723483588382104,0.28011207265393306,-0.17188322874662124
0.6967594077836089,-0.46127780641969646,0.5487416179937692,-0.02513463051743264,0.49975712525374383,-0.15152436427989327,-0.3149877198448979,0.7170562577320837,0.33357908477860304,0.6118804739202693,-0.012554006557099057,0.7465564357211663,0.5472421064408394,-0.11570820879093341,0.015612538327228028,-0.2019724662632291,0.9667479374380795,0.1560826607210061,0.572068971940953,0.28043921118234133,-0.17144414589357834
0.6980626209291849,-0.46140217345015655,0.5470132304271084,-0.024354410989549432,0.4976523638767773,-0.15116927950459,-0.3138423320682729,0.7178946532347731,0.3339533099830618,0.6107093910542546,-0.011683034127465764,0.747169443497131,0.5474604166961484,-0.11647709062076618,0.01656936828862097,-0.201086058680126,0.9667566714063214,0.1570712937820882,0.5719410838687387,0.2805443106082218,-0.17114972620451854
0.7009307541870307,-0.4608302585906076,0.5439098199233655,-0.02221842463016296,0.49303631345311166,-0.15075913862337834,-0.3102824972614723,0.7199079612810251,0.3336835971851687,0.6085112415834424,-0.01009223069205754,0.7480359769210032,0.5472158304502721,-0.11793285187409079,0.018345607435511342,-0.19925389602645455,0.9668503803970047,0.15862429048625584,0.5714597381943864,0.28064662459265705,-0.17054260274247982
0.7024886009331462,-0.4598708336505065,0.542765849784274,-0.020828207424881784,0.4909398029543373,-0.1503157441123126,-0.3086825330135921,0.7208591358737837,0.33350687105179866,0.6074927613111328,-0.009371133502188392,0.7484239244192433,0.5471876369984005,-0.11853666595457073,0.01897300210721105,-0.1984000580828938,0.9669075381425511,0.15927101062922636,0.5712641448528386,0.2807316751135396,-0.1702928692259567
0.7060887264513553,-0.4580623078064338,0.5397239566773466,-0.017767474043785435,0.4865140070141019,-0.1494276394709376,-0.3053271196665467,0.7228228939170943,0.3327312539203094,0.605602644589474,-0.007900225324058277,0.7492411453125282,0.5469541209459592,-0.11961865219429711,0.019595635374716112,-0.19663358437298029,0.967142920948832,0.15995566582480386,0.5710083092607868,0.2810316635232467,-0.16995274057843857
0.7090685373653506,-0.45755726027257687,0.5363288081994625,-0.014648289516525899,0.48171527401724634,-0.14926322634315262,-0.3021931188177283,0.7249686358643316,0.33194623540854457,0.6034805125834477,-0.006591262635077006,0.7504966089884278,0.5467980564815971,-0.12091125457457302,0.02020358136188851,-0.1951940678545482,0.967122613560988,0.16175580828369487,0.5708626441023814,0.2814158107811622,-0.1696107303977713
0.7104772172787639,-0.45727657948660877,0.5347246050215164,-0.013778619866832743,0.4792408299703253,-0.14895663843322945,-0.3005038439734105,0.7259522367666777,0.3319079719352077,0.6023237635575516,-0.006044166872419867,0.7509188537632816,0.5469098319163613,-0.12153858754959217,0.020865753567891433,-0.19429640623193864,0.9670471239147924,0.16319738656463115,0.5706743388580641,0.2815568823890303,-0.16941681810765066
0.7128689904552803,-0.4580108569581672,0.5309446595332628,-0.011900666738577608,0.47415493185694413,-0.1487603676688972,-0.29746761761766877,0.7278210333730438,0.331875752012078,0.6000938695496542,-0.004730363108140406,0.7516375023944837,0.5469004355064951,-0.12277085533270969,0.02241019400398541,-0.19234026386118383,0.9671283866232188,0.16482017440254063,0.5712340399982948,0.2825659097185576,-0.1693850025855018
0.7142195251642831,-0.45803112241339816,0.5291298381717153,-0.010935041435828647,0.47177097882272245,-0.14856672787988187,-0.2958868495450226,0.7287531399628239,0.33186516344078976,0.5989732063313512,-0.003933495377303713,0.7520828457167318,0.5469549053687134,-0.12328547297134991,0.023574583528731163,-0.1914448955793907,0.967194381299731,0.1653121887528981,0.5711052598117946,0.28267024347764913,-0.16911918113851987
0.7166265221537318,-0.45937019382215694,0.5247290272441886,-0.009214159810211087,0.46619902754891235,-0.14869867731048522,-0.29335004704312617,0.7308439751518175,0.33151509057384054,0.5966226575131164,-0.0024966473708638052,0.7531000161498504,0.5469206141765655,-0.12434230196516632,0.025808524040462313,-0.19013353376124156,0.9672747628855942,0.1660201569416594,0.5710474524143292,0.2828129895975088,-0.1686453879814494
0.7188721124955213,-0.45973763910704846,0.5213482723537639,-0.007756802063321205,0.46091774562589255,-0.14841881247372402,-0.28989997511723004,0.7332007101369389,0.33093599887958597,0.5940512363090105,-0.0011008814630212443,0.7540733669504582,0.5468152006148572,-0.12564155900734025,0.026657679195806725,-0.18849158949742176,0.9672986871600565,0.16761127243434448,0.5710502589490256,0.2830914808128737,-0.16842317122045722
0.720132636812728,-0.45918628718345667,0.5201083787033008,-0.006649320449743349,0.4582420679123916,-0.14821473216009107,-0.2879895864012841,0.7342397807393085,0.330711513968252,0.5928927133585683,-2.633534382553153E-4,0.7545670201773459,0.5467729469021646,-0.1261254113289757,0.02673025611718107,-0.18743195133030738,0.9672495345350721,0.16906535709632997,0.5709067860185528,0.28328034182250517,-0.16826018846219445
0.7225905755183794,-0.45735181614214787,0.5183475731271289,-0.002823097007214008,0.45280793351883963,-0.14787709637418217,-0.2837715543588678,0.7361648553315178,0.3300783463964683,0.5908532935896674,0.0014058695318773492,0.7555744948536579,0.546566761938691,-0.1270215639823806,0.02639043746088957,-0.18565759347595767,0.9671551664483772,0.17159745571409565,0.5709054705406861,0.28344655552932485,-0.16802788377499406
0.7240398895486165,-0.45636605422719523,0.517200275240876,-3.7172878561814345E-4,0.449953982850304,-0.14789944232421892,-0.2818164641328821,0.7371140720819783,0.32986252784242404,0.5897877267088081,0.0019987215380763935,0.7560737150345324,0.5466426035880537,-0.12755808155379653,0.026950785576536615,-0.18465904781714068,0.9672794298664185,0.17188716000146945,0.570963735461387,0.283526512135662,-0.16788130056995101
0.7278314075890305,-0.45392865225193285,0.5140047467495668,0.0030563230568582344,0.4446717886244273,-0.14712633417549964,-0.2783995431586766,0.73905307312597,0.3290526386588374,0.5878058109047615,0.0030405199081682947,0.7572175631414297,0.5465269787569976,-0.1284854454861075,0.028802280771524136,-0.18303856619918385,0.9675446586870098,0.17182737078923996,0.5708441815277023,0.28346899836765194,-0.1673395320882926
0.7298963914395379,-0.45453877183498204,0.5105076088210828,0.005267257167400032,0.43884530738784183,-0.1468159045245042,-0.27490407204147793,0.7410233559012984,0.32828068783661046,0.5857453433265336,0.004309149983571666,0.7585707533102621,0.5464209297508194,-0.129605959675443,0.03159140763170745,-0.1819053933931372,0.967498410836294,0.1727982518649454,0.5706311812494174,0.2836648629623953,-0.16695852781842277
0.7308659766028238,-0.4552310439876084,0.5084933392943701,0.005843349006657342,0.43579258649675606,-0.1466400298516059,-0.2731752597603975,0.7419950778024372,0.32794691130751324,0.5846950344690985,0.005083753337534953,0.7591141635561008,0.5463582741363969,-0.13017937596126547,0.03299049188980979,-0.18135894768464164,0.9674191379457039,0.1735533666512385,0.5703674886229796,0.2838024705334752,-0.1667027929055332
0.7330716242272043,-0.45663544677214035,0.504030918128635,0.00654950948559011,0.42997779604390224,-0.14634335715364036,-0.2699436526736853,0.7437192450982921,0.32784879242489645,0.5825382391448143,0.006786288383410535,0.7602644610101986,0.5462759916284403,-0.13168534899071072,0.03527063957088484,-0.1802136449804228,0.9673446576438739,0.17470929418604836,0.5702281247046151,0.28411848712689086,-0.16616358295016723
0.7338176283289025,-0.45744307896032055,0.5021999145398267,0.0072638626940075505,0.42691171729574395,-0.14639408357452208,-0.26803460786482985,0.7444706736606209,0.3276834831930169,0.5816604547770916,0.0076201214097932676,0.7609905828868214,0.5462044746209647,-0.1321510118268382,0.036818728133784194,-0.1797593076595148,0.9672048228223886,0.17562973346644448,0.5703498106074941,0.2841824580707777,-0.16594516596088837
0.736184036219803,-0.45750904887022037,0.49864063192186797,0.008720964026190133,0.4206238548781397,-0.14598370329410423,-0.2641264609847429,0.7459636654636295,0.3269951858211361,0.5801106351947007,0.009165652833696991,0.7619546315242317,0.5461400098687993,-0.13306060550444948,0.03791263145069393,-0.17821349364061062,0.9670930107149718,0.17757728370245796,0.570475006151045,0.2843436714886951,-0.16558253901353448
0.7393499209165929,-0.4553446377435208,0.49586588526127334,0.01183127858277944,0.41485322112791023,-0.14584018245809846,-0.25969651365914076,0.7477597266389392,0.3260158348910392,0.5783187545468806,0.010792810407968237,0.7630238184246524,0.5459304285291469,-0.1340896229735238,0.037428400247899674,-0.17647778594393054,0.9672082193194449,0.17878189618672174,0.570476816865352,0.2844702870101538,-0.16531071416448537
0.7408869627029856,-0.4543724962961559,0.49442361130997103,0.013320498697547596,0.41193358262475765,-0.14558935235435674,-0.2575149843334868,0.7486100032136819,0.32557937950010063,0.5774496631335116,0.011533311741847884,0.7635932741344997,0.545811373952356,-0.13463249831360238,0.03757190527175579,-0.17588674267753207,0.9672112813834233,0.1793168783164991,0.5705126919380653,0.2845523820172471,-0.16516309173838267
0.7454428285518152,-0.45068924376237973,0.4908346665007866,0.01659894811803181,0.4063910446232982,-0.1441069907122223,-0.25333501063021124,0.7501959888218237,0.3249542758124908,0.5757090253645053,0.013031312316009697,0.7648079156614035,0.5455990613248854,-0.13568227405259659,0.03918252469238789,-0.17464882204815935,0.967094181519448,0.18080752967492683,0.5706637641353699,0.2847636756791766,-0.16494798637225447
0.7469269584064518,-0.449972046621841,0.48918286857308685,0.01803876822968701,0.40340685431851686,-0.14392550979994695,-0.2511673935127257,0.7510876958059535,0.3245996661530879,0.5747270257421745,0.013826634578280724,0.7653716956115252,0.5454170919631772,-0.1362697084763979,0.040178533541086636,-0.17416222315891025,0.967031362704172,0.18139335438032458,0.5707605093345879,0.28486403908982894,-0.16482052448775117
0.7492413953052708,-0.44951425084461893,0.48597915619845594,0.019963205886044586,0.39714590156512325,-0.14375183025237495,-0.2463167888050939,0.7527600974989825,0.32376539099831453,0.5729647174055933,0.015480304046082357,0.7664729352140945,0.5449071875174701,-0.13745063188192017,0.04163093501857111,-0.17320182027242997,0.9668300430195228,0.18305098365937272,0.570812559576166,0.285030215381959,-0.16460751799671766
0.7515028516040886,-0.4499057210505571,0.48205433863501523,0.021258428917950205,0.3913120751387385,-0.1435951276600023,-0.24230388438834277,0.7540220819463616,0.32336753686225356,0.57149559884511,0.0166408095230536,0.7676998248267213,0.5446260345341986,-0.1384853223118045,0.041637757807751016,-0.17172219490310883,0.9666844935818734,0.18519955391619838,0.5711220045925065,0.2851459782499467,-0.1643931684658514
0.7523558961911706,-0.4504684611358938,0.48016997639553627,0.021807447272670075,0.3882850067954974,-0.14366267689412207,-0.24014113168797752,0.7547438742107697,0.323169170259023,0.5706372660419206,0.017218662538508865,0.7682491474164982,0.5445567421608577,-0.13903860116971617,0.04164094925686866,-0.1709621292235639,0.9666803682571281,0.18592215398546644,0.5712929969819815,0.28518081140389934,-0.16427159217861154
0.753950307433242,-0.4512872495743706,0.4768800193049039,0.02200453318464579,0.3824667637963876,-0.14323409826546107,-0.23538889128246315,0.7561214566774489,0.32269889947215125,0.5690375271523282,0.01849474854650665,0.7695581163543672,0.5443704395851089,-0.140257976086882,0.04180902313145838,-0.16956240125597183,0.9666242609524683,0.18745168925138175,0.5716304522970227,0.2853365669772399,-0.1641095404008674
0.7546569594441436,-0.4519781144455511,0.4750863464716426,0.022396897575131493,0.37905664148534446,-0.14356657759701635,-0.23322307027259742,0.75671408942577,0.32235454810457886,0.5684193190784071,0.01925642436332212,0.7703313007337097,0.5441490599833136,-0.14070245648004415,0.042594277173376105,-0.16910025031486287,0.9664731474986674,0.18846879863666421,0.5717851488360093,0.28540203881556364,-0.16404880560454968
0.7571138769888962,-0.45263435448343264,0.4704805214858063,0.023426423428527698,0.3729306726152878,-0.14330482577797146,-0.22952788357290527,0.7580364414789652,0.3215653999225855,0.567054742299598,0.020624407823540518,0.7714895496069802,0.5436664527695283,-0.14148800288509608,0.04378891837567932,-0.1681215550999632,0.9663608676118222,0.18964268213349175,0.5720767909021103,0.28545783922170687,-0.16391745240107752
0.7584902920188586,-0.4520844741504801,0.4687615219606915,0.02397374969266034,0.37015398262405064,-0.1430680047603007,-0.2274247960724226,0.7587537655384787,0.3211002001088062,0.5663359088637061,0.021237304508436843,0.772135418253622,0.5434625455520091,-0.1419933906975669,0.043843862273606246,-0.1674361875312396,0.9663238730613781,0.19042324227256055,0.5722394637937033,0.28548130955846673,-0.1638739290670138
0.7609671732662405,-0.4493380558391954,0.4672717275378384,0.026103743594426486,0.36478075768747886,-0.14248351303660722,-0.22208369336538836,0.7601823005867662,0.32005537340829276,0.5649615696126077,0.022491169110309447,0.7734933047590931,0.5429728528505472,-0.14297539675055773,0.042826876368191664,-0.16581907213624686,0.9663185362233667,0.19208951175831468,0.5725538901736937,0.2854540563965768,-0.16381218823085264
0.7618006071467327,-0.44778730868144095,0.46731787582736234,0.02757469976088918,0.36213845140268247,-0.1424532730303279,-0.219089778131603,0.7609125006546568,0.31973714390983843,0.5641293189616172,0.0232042375388236,0.7742453954777038,0.5426872698864695,-0.1435063350271114,0.04233268591187658,-0.1650530419058791,0.9662996662791257,0.1929517867498324,0.572652793026665,0.28545988154448343,-0.16379053605356939
0.7635469798956067,-0.4450712285386192,0.4669018483081824,0.030170765085181878,0.35688270265743083,-0.14222606590569017,-0.2137561357775419,0.7620611557518774,0.31967326770004345,0.5625439946906606,0.02482037166448764,0.7755854086317311,0.5425000220636934,-0.14456826304209458,0.04116546270182997,-0.1637470695092746,0.9664783321425544,0.19342165185577198,0.5728326695908972,0.28546386517850536,-0.16371611566203284
0.7656736420809094,-0.44382989081875374,0.4645240868872654,0.031245392299040203,0.3515165898599639,-0.14132973552961442,-0.20942769079341547,0.7631206428612153,0.3194952954340434,0.5611177014500326,0.02676874584344357,0.7768170854573548,0.5421838918584667,-0.14555466756278201,0.04123733750955932,-0.16263996428936262,0.9665898721381032,0.19378272134306196,0.5732473291845804,0.28546088537439734,-0.16366708645211148
0.7660892496658188,-0.4441880100402682,0.463464423684055,0.031701754874708644,0.3486373611998628,-0.14149323910609926,-0.20735633700582992,0.7636927473547422,0.3190570051816787,0.5605411348301607,0.027742589020847454,0.7774790884057543,0.5419107909130368,-0.14600509024980785,0.04159556961306975,-0.1620435005146476,0.9664616115192869,0.19484266983663148,0.5734498663881223,0.28548754921250885,-0.16364819791815874
0.7675126996412348,-0.44466615018708,0.4606092316117424,0.032177733314594475,0.3430832385223384,-0.14098232454879425,-0.20363961894581467,0.7649046436717958,0.31786049964450613,0.5594824766057465,0.029409985143966512,0.7788089598995681,0.5413540633831904,-0.1468869478762155,0.04189469636831336,-0.16076187284055793,0.9661333011216239,0.19745100435509713,0.5738195063360558,0.2856524985087633,-0.16360207995451043
0.7677286528203829,-0.44533273566995074,0.4595763952356158,0.03257310426647617,0.34017651990841713,-0.14117161930078448,-0.20197783746614126,0.7656090190182346,0.3170204392404779,0.5589604847566509,0.03006738402855956,0.7795549529932424,0.5410262997156,-0.14761387472306092,0.041900119695223725,-0.1601386611605016,0.9660889814518362,0.19817181708962012,0.5739144928784707,0.2856765039458331,-0.16349462058299938
0.7683962259054846,-0.44513509155923847,0.45855884759350085,0.0338492772519029,0.3346592498169015,-0.1415307314735814,-0.1977390349140079,0.7666765511810765,0.31550024971755786,0.5582835762208133,0.031402337800684826,0.7807311407649825,0.5402852457194689,-0.14850265973626686,0.042087076025879064,-0.1592210268171782,0.9660198615232922,0.1992058477891516,0.5742121434040934,0.28571757522016633,-0.1634567465634163
0.7687207003228644,-0.44411028223095106,0.45896639585529114,0.03441496168055271,0.33226000513520976,-0.14136637271730682,-0.1952231343956498,0.767162011721996,0.3149701552663676,0.557874500409552,0.03212928344880073,0.7813696605963403,0.5400422913122548,-0.1488912858820904,0.04243402397176077,-0.15872915189240902,0.9659353082450876,0.1999334645189458,0.5744127329036178,0.2857808142328623,-0.1634380549877535
0.7692324993059942,-0.44076774324157436,0.46119984928376,0.036053537271958175,0.32784803538071106,-0.1410668808405539,-0.1896328900379206,0.7681513286837509,0.3141502912848874,0.5568855441263768,0.03363958189511376,0.7826265876491959,0.5395443521624376,-0.14973225690949046,0.04319079767996653,-0.15785912578346098,0.9657432584212138,0.20138274557823038,0.5748180942710226,0.28581952722571935,-0.16332075663658566
0.7711427320500019,-0.4366684724305502,0.46171501303339707,0.038454892162097666,0.3232155951649542,-0.1402262912212709,-0.18551640879275533,0.7691021931639122,0.3137299193717322,0.555705314883041,0.03531228075623497,0.7839373535718263,0.5389087027541178,-0.15067128382576842,0.04313880057223272,-0.15684111839023393,0.9657109902592398,0.2023417672152942,0.5751940966650032,0.285699284387085,-0.1632892149096725
0.7722820860254691,-0.43479105709026866,0.4615081131932591,0.03933672247753434,0.32089729576030157,-0.1397591948494179,-0.18384661361964885,0.7695390342515501,0.31363412443652233,0.555098437493167,0.0361805948648158,0.7846001278987448,0.5386008940479186,-0.15100868376637042,0.04307511455086354,-0.1564112228427505,0.9657375801798274,0.20256107746474108,0.5753813179336452,0.28565109802974037,-0.16328767594309318
0.7746849175098385,-0.43161236873932973,0.4604688641622677,0.03927425201211138,0.3164007469842289,-0.1381759665083644,-0.18075169229639382,0.770393199995797,0.3134643004229425,0.5539085182172825,0.03768027609938532,0.7856408034549626,0.5383556776724316,-0.15158417349923647,0.04280212950726633,-0.15551270143521836,0.9657887559108393,0.20306613789146905,0.5758381451694499,0.28550005074244766,-0.16328265510231363
0.775160888696497,-0.4318431351093236,0.45960189601595525,0.03745931756915348,0.3142727170782685,-0.13747952490737825,-0.1795808942071328,0.7707690111697916,0.3133799898375111,0.5533886377375953,0.038329218785569476,0.7861946980622724,0.5382272076288088,-0.1519525784421203,0.04273044074744115,-0.1549938797806061,0.9657771382558256,0.20353261627187114,0.5760347312881116,0.2855080616018854,-0.1632097572330926
0.7745807365041157,-0.43378293745358065,0.45895356724905995,0.03490943884177338,0.3093703459816042,-0.13723077541097148,-0.1764369792697522,0.7714132557346148,0.31292688352445086,0.5526691460466182,0.0394356368364748,0.7875556720707177,0.5380172537546026,-0.15260645598756312,0.04245264587294083,-0.15404189655690753,0.9657001495495979,0.20467556796897343,0.5762926004263427,0.2855081102254884,-0.1631750343340657
0.7733868836308463,-0.4352643948089098,0.45968853673592963,0.03322775997537786,0.3048814579670279,-0.1375516225675277,-0.17266841260021598,0.7720146153605656,0.3120290740117508,0.5522634478676072,0.040452129615512915,0.7886166962953387,0.5376300788746329,-0.15306390904550637,0.04237797468834831,-0.15321159673290877,0.965538287254158,0.20607311744663195,0.5767701282438605,0.28572466393987633,-0.1630931302784799
0.7735589214413916,-0.4343661191399205,0.460274029768868,0.032870763941269726,0.3027684944772689,-0.13722424720748583,-0.1707397634912602,0.7722440637476067,0.311473350829177,0.5522317728143923,0.040786355857081576,0.7892743115957279,0.5375311119102874,-0.153228392619732,0.04242548269737147,-0.15287011803552736,0.9654944437818271,0.20652187403788314,0.5769569974288694,0.28568596860112944,-0.1631364150351972
0.7747611961787096,-0.4307797922741771,0.461649196592411,0.03246349872600743,0.2995347739313257,-0.13583872872533873,-0.1672543908452247,0.7728992619784769,0.31041753837650393,0.5518269547125962,0.04188907678643463,0.7902242904825012,0.5370514790336777,-0.1536293058842174,0.0426297844732238,-0.1524460250498187,0.9654226862160784,0.20712785390093716,0.5774734955127429,0.2856604405247273,-0.16304123211099492
0.7758393161376468,-0.4284262092726619,0.4620371682412501,0.03234182905979399,0.2956901959039309,-0.134662581950734,-0.16424264095631422,0.7733494939740454,0.3100094774962598,0.5513457999937434,0.042924268914484684,0.7912824991250064,0.5369226617289196,-0.15418289570592777,0.04292256772964719,-0.15172685623322762,0.9652962362276282,0.2081821092261543,0.5778800681406819,0.2857797363436639,-0.16301564102960794
0.7765035288023044,-0.428232268658454,0.46115131624538674,0.0316047047502413,0.29355840994434057,-0.1342526911855776,-0.16330945367063357,0.7735090886454734,0.31027988517834143,0.5509084181405093,0.04370351769007153,0.7918132283313333,0.5368703706408486,-0.15428108564450213,0.04292343909046933,-0.15138895825708473,0.9651987906084173,0.20887856831788654,0.5781476691639221,0.28587180003657503,-0.16303821555489728
0.7780419636409897,-0.427078190400392,0.45982715104957717,0.02852916500055562,0.29000682930476884,-0.13232539062615845,-0.16153683330516658,0.7737628266363205,0.31143201745038734,0.5497845807806511,0.04514533595397314,0.7924043964111023,0.5366911729089026,-0.1550089702224996,0.04273098321280819,-0.15059476483044987,0.9650820494611413,0.21002837352893877,0.5785572710331335,0.28579008000555195,-0.16305920149053835
0.7773211352138503,-0.4273981618667679,0.4609287789005911,0.025442577777596637,0.2867937014112049,-0.13127012204199792,-0.15846218299265494,0.7743010960167123,0.3125066255271909,0.5482790809248455,0.04677040869110656,0.7930183891500409,0.5366122907361088,-0.15575169098082264,0.042940372422339584,-0.15038821363058072,0.9650192323055456,0.21042193540039747,0.5787820331298743,0.285677687109175,-0.16303527920817099
0.7772714541501516,-0.42766385340845764,0.46084041347724775,0.024058851952191172,0.28508391274508954,-0.1307867583049404,-0.1572802924613116,0.7746339229267121,0.3124562462535679,0.5477803810214509,0.047434521145433436,0.7935275164407685,0.5366276229276895,-0.1563849007858731,0.04330521343978569,-0.15046741531377517,0.9649619119732066,0.21055337532022622,0.5788749710445144,0.2856087329147287,-0.16288748626635233
0.7787644790566111,-0.4275289480495783,0.45859509381097086,0.020866831858552447,0.28137643994674105,-0.12881693671322492,-0.15627271153381347,0.7753174384910496,0.31215100548395647,0.5469131067146618,0.04827704475990304,0.7940627196651561,0.5361409328890496,-0.1567777383474354,0.043922205293098905,-0.1501430152788556,0.9646943364795155,0.21187909762294094,0.579193769854432,0.2856857195224285,-0.16288615512582075
0.778401840023082,-0.4279288151519646,0.4588930025971692,0.019614198394793364,0.2773044302714093,-0.12847892531126945,-0.15396826438198905,0.7758136423590878,0.3121775486041352,0.546128952646539,0.04900548498109663,0.7945377902707013,0.5359113713688027,-0.15728508801709767,0.043762455074120965,-0.14934445567730792,0.9645771546861441,0.21300702744725683,0.5793708121603492,0.2857828415078859,-0.16289310695397757
0.7781237687562862,-0.42699398656415327,0.46021784640555086,0.019976731073989597,0.27557894660015997,-0.12843320963730925,-0.15212175187349614,0.775815652284294,0.31204375285253116,0.5461816350794352,0.04923811002016992,0.7948209868572961,0.5359425209378649,-0.15723886027968,0.04366029048690919,-0.1490737635942156,0.9645546204596586,0.21331942291403885,0.5795873117926625,0.28588518314962175,-0.1629821554843859
0.7781491878040228,-0.421922694298378,0.464734010727773,0.022076703304965806,0.27282079917787566,-0.12742961553452384,-0.1481818691451362,0.7765963669470191,0.3106432405554038,0.5458728350069507,0.049210851886579976,0.7951134708550917,0.5352275654195819,-0.15774672957418479,0.04356837344363453,-0.1486815440080128,0.9645514892899046,0.21362588751248404,0.5798042776227131,0.2859320493661895,-0.16294304270183924
0.7780251122356752,-0.420110608564771,0.46653817361622674,0.022937608001669864,0.27135177789088394,-0.12712610802562563,-0.14634727047645102,0.7769484765978321,0.3101812477985702,0.5456494845238756,0.049043840237676904,0.7952885574478936,0.535002341116495,-0.15799964582126833,0.0435736980876437,-0.14835032242529092,0.9644992028326392,0.21409064063261257,0.5799165868346857,0.2859343142717159,-0.16291378664775868
0.7773033615012092,-0.4181018887146708,0.46951020501733975,0.023461931649400913,0.2683344729390414,-0.12650804903322097,-0.14255224015607065,0.7770280655040182,0.31062864715087296,0.545289468801153,0.0489553286462058,0.7957489303683661,0.5348717072628552,-0.15807254326801967,0.04385732351377659,-0.147785574149346,0.9643886344498386,0.21491980130162897,0.5803224373006655,0.28597561429311685,-0.16303651300278102
0.7774135496284847,-0.41778027897158243,0.4696584547051426,0.02255542685128635,0.26706403646613247,-0.12575039986614692,-0.14163001653637763,0.777094907008295,0.310895662702919,0.5450240491010435,0.049154636767915164,0.7959332530168207,0.534851328501831,-0.15821976341984742,0.044137323685847024,-0.1475786754341704,0.9642859002553072,0.2154649247180573,0.5804166679425482,0.28610179946457404,-0.16292294949016864
0.7775441614613768,-0.4183405432765677,0.46896821372746433,0.022024562235425666,0.26408379364856743,-0.12481928501896294,-0.1403235356705682,0.7771182372981437,0.311695900808426,0.5445100591863798,0.04941362284527358,0.7962359337641478,0.5350781826395585,-0.15845154417390314,0.044610152172881105,-0.14691458537522545,0.9641561012484867,0.21640021107303822,0.5806625881228771,0.2861748805926013,-0.16289370744838877
0.7775505908982451,-0.4179701417972188,0.46933815511289356,0.02092212501225074,0.26284772248285293,-0.12421432120936811,-0.13919592947827233,0.7773774263289831,0.31174118772157794,0.5441002705138898,0.0495647509706095,0.7964086001417074,0.5349379343033674,-0.15870761806918904,0.04447720574678989,-0.14650908691863687,0.9641837373027672,0.21657928418963204,0.5807700007470701,0.2862142341831903,-0.16290679832383964
0.7778609713521614,-0.4172416166406044,0.4695774572741225,0.01840527669383936,0.2605756373091972,-0.1225186822329708,-0.13743304072038848,0.7774750821359883,0.31211523219696746,0.543720834894373,0.04984207248938824,0.7967670236941955,0.5345562110499257,-0.1591920538436722,0.04381089316885294,-0.1460087460266754,0.9641330334785303,0.2172775770275258,0.5812227842576374,0.28626298691542723,-0.16291300831350658
0.7771425422013498,-0.4186415443398804,0.469573422891644,0.017015491981390216,0.2578809047741901,-0.12214926777539427,-0.13596089021754942,0.7774917803982792,0.3122395158382122,0.5435713326773426,0.05043037233265868,0.7974060043878824,0.5343532931154514,-0.1593128758578575,0.04247667989515096,-0.14490448870963726,0.9640976676856106,0.21843559229221185,0.5814457773964868,0.2863122391818767,-0.16290203422325647
0.7765536760583075,-0.4189736438369325,0.47028494301499446,0.016048250487696127,0.2568970361108969,-0.12179391593809104,-0.134747097025722,0.7774811521602388,0.31242635429412824,0.5434677089900662,0.05055373836973966,0.7975582045623433,0.5344353418703509,-0.15950171786307318,0.04251854750057853,-0.1447897605470488,0.9641010607715226,0.21848854198422904,0.5814348872708184,0.2862780415496885,-0.16283576673146974
0.7756290148496815,-0.41783238328900696,0.47281480960159034,0.016182911349712056,0.2546297005308544,-0.12159406728958365,-0.1325743870241025,0.7777045825445467,0.31260043917001096,0.5430062821377052,0.050997306584910466,0.7979236721894278,0.5345504949512991,-0.15985268973962563,0.04409370712037262,-0.14484573490879876,0.9641792419726508,0.2177931298736423,0.5816396424914029,0.28624146958560753,-0.1626757558144653
0.7752539032337257,-0.4165498041115262,0.4745150814847699,0.017409298062368954,0.25349960969559854,-0.12173263238985076,-0.13127872879560673,0.7779572408963852,0.3122559159260033,0.5428088187026587,0.051355239700740546,0.7981736655722528,0.5343039823127789,-0.1600236738059482,0.044901910872805685,-0.1450573718640236,0.9642114327633826,0.21734417451649807,0.5818055743021627,0.28620917995727546,-0.16264470167849146
0.7761824398962015,-0.41195753538163726,0.4769171845268609,0.019539911515638556,0.251968759619626,-0.121371718901968,-0.12984028346555018,0.7782584251948692,0.3117397151756841,0.5426195677509487,0.05192473677506265,0.798435422722067,0.5338406032625223,-0.1605133162644377,0.0440916002678975,-0.14463256981811767,0.9639952374233465,0.21874764629300403,0.5820079402389423,0.28626123583879065,-0.1626495349770035
0.776252674378207,-0.4102880177375792,0.47825166974264266,0.019257944075714396,0.25107388489266236,-0.12078990510345101,-0.1287377176773039,0.7781630314806858,0.3119118236479652,0.5426724966425003,0.05176748103959999,0.7986789677109293,0.5340453133400929,-0.16058279941629586,0.0428881956055345,-0.14394927479509392,0.9639165139119746,0.2197820810972863,0.5820518675696674,0.28631141629644447,-0.16267281552596732
0.7753926451070369,-0.408372801512542,0.4813451829682506,0.0174561087293791,0.2495823234521125,-0.11995194337780941,-0.12680668456492172,0.7779931090682188,0.3118118408973408,0.5429367397149528,0.052151651807740236,0.799161432211953,0.534276796151439,-0.16041787125698925,0.0427727506900381,-0.14378506658033552,0.9637779841740435,0.22051835218029747,0.5825205197991398,0.28638115184732216,-0.1629428417644277
0.773828354680165,-0.40957635849536633,0.48282626419214664,0.01776746073358714,0.24760457602163413,-0.1207150948273619,-0.12589541912095642,0.7781955986044725,0.31106624782634273,0.5430285061940395,0.052625480867512134,0.7997433088748592,0.5342603885605375,-0.1605361487679658,0.0437810578925045,-0.14377756784804277,0.9639569195487405,0.21954108318858553,0.5826909421778652,0.28649009071345916,-0.16286393343780947
0.7738428828167458,-0.40931947555848985,0.483040754801065,0.017215947363092454,0.24682453177652436,-0.12051520378174527,-0.12584758850202424,0.7783790364576018,0.3107058037775986,0.5429661827299593,0.05268494579961604,0.7999861691791155,0.5342436166194258,-0.1606461871357984,0.04403690185846444,-0.14374149734806976,0.964009672494271,0.21928174696570404,0.5828175437334178,0.28653797398011827,-0.16289576500789849
0.7736563071769686,-0.40830947424174774,0.4842898544789438,0.014234762326324247,0.24546807697785888,-0.11936956248893615,-0.12478151320353903,0.7786528894216677,0.31036626207368273,0.5427660393573829,0.052701875507409096,0.8002630108307375,0.5343419944262696,-0.1610415989764095,0.04470572150260524,-0.1435637347289344,0.9640837092350617,0.2189371008376071,0.5828695662135965,0.2867741671380836,-0.16279995791741173
0.773795780859682,-0.40806000864676817,0.4843716483206171,0.010546334440119366,0.24509701308464818,-0.11820166517242828,-0.12488526001151341,0.7786547948127703,0.31034141676307764,0.5427527465161501,0.05295631884623467,0.8004807679868967,0.5344205518089595,-0.16109047414166783,0.044990037107412645,-0.14346394071006746,0.9639911691205542,0.21935136228115615,0.5828163085162004,0.2868918669575715,-0.1627688482422034
0.7729402420905571,-0.4095438731895258,0.4845490146507348,0.0070321043020460765,0.2439770716125748,-0.11793961658065863,-0.12485516225558571,0.7783938664741337,0.31073481423931,0.5427989654347329,0.05400136089112578,0.8010691021246905,0.5348369525142334,-0.16104414100995082,0.0460149418637815,-0.14356455321628575,0.9638238481756883,0.21980772023040665,0.5832249278183504,0.28719543990159657,-0.16276796377986646
0.7720107303200017,-0.4102241992254998,0.4854705258891861,0.005822983208999802,0.24368314776294353,-0.11815364590547875,-0.12463356942402677,0.7783804257336632,0.3106841984976172,0.5428076745610502,0.054397335193920204,0.8012789492154285,0.5348880493165512,-0.1610471464893959,0.046642841286113366,-0.14378195681212372,0.9637377453301659,0.2199107829961132,0.5833485048867508,0.2872034276544305,-0.16278316544201962
0.771471079150048,-0.4078197847444743,0.4883606428591999,0.004390866905296725,0.243044786461413,-0.11796468107500616,-0.12324318761479719,0.7785524097761888,0.30975488272239615,0.5430466901806156,0.05484842883076054,0.8018611825111682,0.5348665577064002,-0.1607361161760123,0.04661550472844818,-0.14349696761215514,0.9636612706593284,0.22043722561372617,0.5834415847365361,0.2871965563055921,-0.16276342607136546
0.7708562512589444,-0.40486666789380366,0.4917721371185748,0.004877117735451702,0.24266302457128505,-0.11791657491563255,-0.12166076874345272,0.7790668376996018,0.30833196745402774,0.5431493033777038,0.05454442669041069,0.8021883684844348,0.5347880603700584,-0.1607727426803,0.04560781902934526,-0.14314810008979384,0.963787903148309,0.22032118833433748,0.5835367853466786,0.2873833017875289,-0.16284076821799298
0.7707261887007366,-0.4039441659246465,0.4927370255428611,0.00452509949640879,0.24225199501623748,-0.11773621329562779,-0.12117386096283478,0.7791563476112017,0.30813831569698663,0.5431418822251897,0.054433998102973835,0.8023658312867731,0.5349080297995894,-0.16077840986241515,0.0454838951450789,-0.14304353258800642,0.9638461934477385,0.2201596657961673,0.5838103249722449,0.2875482504509967,-0.16276711432505497
0.7698007935320402,-0.40375099339896603,0.49434783811429905,0.0034768604383835946,0.24180969476969494,-0.11770255265317346,-0.1207535567167381,0.7790948963241819,0.3086027874382024,0.5429544688985406,0.05455187265427115,0.8025623790179908,0.5353170261925804,-0.1608482372159475,0.04546818546895419,-0.1431220490149918,0.9639119307777928,0.21982382241271883,0.5838959450419509,0.28773878178223344,-0.16292534482899332
0.7695152770962973,-0.4037035984350223,0.4948355573456601,0.0027228867829716488,0.24176853190352726,-0.11738528303381644,-0.12046521225672953,0.7790429537898546,0.30894688436129747,0.5428141996653117,0.054741606073742496,0.8026878233405048,0.5355370884654238,-0.1608711334749643,0.04557627670722727,-0.1430961353922063,0.9638609452193091,0.22004176266850264,0.5842090497363835,0.2879866799189014,-0.16301998861232797
0.7696131979978078,-0.4029479138383154,0.49530476712041593,0.0013007185426116442,0.24223550900222637,-0.11656966423202322,-0.12051806293883693,0.7788498885411371,0.3093512425277958,0.5428272299039053,0.05507502465564461,0.8029500258281858,0.5357057412746651,-0.16070919206764733,0.04556028397862142,-0.14300965695943774,0.9637291194962768,0.22067778042898262,0.5843128298055732,0.2880581094802458,-0.1630217971548933
0.7694800864797746,-0.4023522520219743,0.4959961233302474,9.525992287235951E-4,0.241996661252464,-0.1165922662572994,-0.12011983738211064,0.7788855589129908,0.3092061552430518,0.5428567612017001,0.055094251008684716,0.8030493417212555,0.5358230124847043,-0.16071002755583935,0.04547755573067147,-0.14297857067516578,0.9636852793262316,0.22090632101045282,0.5842390379644743,0.2880580700389818,-0.16301175276617438
0.7697119684870612,-0.400444242185209,0.49717696005278206,0.00172187722016918,0.24175996688930526,-0.11664954779105892,-0.11967546614247913,0.7790408202368734,0.3082110872415014,0.5432111737800429,0.05498133125506546,0.8031472134770824,0.5356636974216674,-0.16071180557740578,0.0454170972271442,-0.14285886802577266,0.963696550497662,0.22094702909240946,0.5844242192806594,0.28820426543866284,-0.16307215856620333
0.7704968208424059,-0.39828927792499086,0.49768973194441063,0.002287111461144589,0.2419015627084487,-0.11609655415115765,-0.11960363616139759,0.7791137436015548,0.3076884566802055,0.5434021679307436,0.05498792635744935,0.8032565890127593,0.5356333963458869,-0.1606650179102834,0.04526742197884831,-0.14289708759667327,0.9637324774492195,0.2207962743647802,0.5845528961064639,0.2883078731246539,-0.16305692976508127
0.771969515637544,-0.3949322992459272,0.49806822477448753,0.00442599239172982,0.24206480395113827,-0.11572153273187145,-0.11985735866266742,0.7792076213399943,0.3070292986917665,0.5436375497511923,0.05501551682053128,0.80316478182549,0.5354634276976705,-0.16061753253144784,0.045189775740378746,-0.1429904686737377,0.963673944185037,0.22100710245567504,0.5845302447064545,0.2884033018758635,-0.16304991613835285
0.7718601107517274,-0.39278141954840834,0.4999272189943264,0.005244196455808967,0.24236947571540154,-0.11538250665925535,-0.11937358253020738,0.7792914709675874,0.3070316865034816,0.543464761254978,0.05551936629745844,0.8032748024616482,0.5354834509191299,-0.16075550839518354,0.045024860448968175,-0.14305179667185408,0.9637108393102745,0.22084013133122304,0.5844329681136374,0.28844665228202376,-0.16310283542062554
0.7717472167288059,-0.3919227433824855,0.5007758755580246,0.005130219291789084,0.24259471499916033,-0.11516378866376066,-0.1189936086739039,0.7792133274765635,0.30731349046710116,0.54338622778777,0.055824871790326386,0.8033168404132781,0.5356065031535124,-0.16078740989256055,0.04462117497917988,-0.14304748575368434,0.9638287063667278,0.22041005500309455,0.5844232882332671,0.2885686398762198,-0.16322663592083983
0.7702209312249878,-0.3927554407604205,0.5024798634759429,0.004107025346720124,0.24291411501549498,-0.1156689440778463,-0.11773777741236845,0.7789453483007018,0.3079565622365424,0.5433397559383166,0.056469547129754494,0.8034141668189885,0.5358110496257548,-0.1607484569016639,0.04366625107540988,-0.1427514333126926,0.964015381506054,0.21997643288299862,0.5845741996824012,0.288714792429507,-0.16328302533408073
0.7695608980160998,-0.3930897217153604,0.5032354784522026,0.003247792077295238,0.24311778191158173,-0.11574781305687482,-0.11719556523123312,0.7788931403389248,0.3080792081379426,0.5433424421326891,0.056494849529418086,0.8032837943031665,0.5358243855630644,-0.16077848090139238,0.04355495153318203,-0.14257064013785023,0.9639762320387653,0.22028709184146641,0.5845225221248391,0.2888593364583526,-0.16332300736267416
0.7690169300488939,-0.39333563934872273,0.5038831707144972,0.0013365578967014565,0.2438974973540084,-0.11537495056450198,-0.11682561146958692,0.7789868753310767,0.3082324473596673,0.5431352951236073,0.05635829706074898,0.8031733345647575,0.5360821558589441,-0.1609942965935089,0.0435298388110581,-0.1425337898753093,0.964163872922323,0.21949327558786672,0.5845324661026058,0.2891426837637861,-0.1634135592899816
0.7688642182320036,-0.3935631898415648,0.5039383764808175,0.001393640592355439,0.24414058843067912,-0.11569394609326521,-0.11675139575544824,0.7789165690207656,0.3083408851885346,0.5431699604881512,0.056402757462467715,0.8033901149004495,0.5363961744025288,-0.1610377272013042,0.04353212561523023,-0.1426414487970954,0.964291999672377,0.21885911105625466,0.5845462200640531,0.28924504655657096,-0.16339176497755054
0.7696904826275961,-0.3931911027835889,0.5029616620143579,0.0026237736331820214,0.2443304892602154,-0.11607401718643902,-0.11750797000265288,0.7785402829762592,0.30844384988655527,0.5436269913206531,0.05663138315511361,0.8034579870066728,0.5368075144089284,-0.16113022401339028,0.04374178094281316,-0.1428711353804434,0.9643072611600587,0.21860009457692517,0.5844564003361579,0.2892635479877235,-0.16345067618341658
0.770161330680604,-0.39236288360071403,0.5028820199785713,0.0035448947919301415,0.24452938474689487,-0.11646290460186966,-0.1178026436773968,0.7782433403853283,0.3084459968387403,0.5440563061664055,0.056578316523278646,0.803367374548291,0.5369753568404256,-0.16112862523484486,0.0424020910511973,-0.14242286923625408,0.9643402653043939,0.2190105972450881,0.5842265671316422,0.2893320269319465,-0.16342275478225868
0.7703746091406652,-0.39190526831777467,0.5029117318102819,0.003607251547044217,0.24423884919786826,-0.11640737518041634,-0.11790247909359448,0.778099687233901,0.30846496917813465,0.5442445413738974,0.056640256895197735,0.8032906851659395,0.5370927635990848,-0.16112577265185407,0.04187224734462433,-0.14228975928220874,0.9644061488540745,0.21890892937058246,0.5842197876422868,0.2893655075205751,-0.16345004145217637
0.7703933863526388,-0.39175689421952237,0.5030007479921084,0.003288406143900763,0.24452812822274989,-0.11652818669376547,-0.11816727049542833,0.7778085367430851,0.3085234016568878,0.5446102046862502,0.056805948203020304,0.8029225628095223,0.5372747144181149,-0.16119421239143983,0.04202524388832728,-0.14209026304770583,0.9644854233055264,0.2186597911238368,0.5842388144820334,0.2895228864647048,-0.16350537122291922
0.7701886415184092,-0.39197842182265935,0.5031425689556552,0.0031509690808430024,0.24470694979217186,-0.11676426110777385,-0.11809076722471121,0.7776976152793085,0.30848235700609433,0.5447885496770012,0.05683740621871155,0.8028186205971531,0.5373490735665215,-0.1611788469140572,0.04290861250208007,-0.14223343866854676,0.9644455192295537,0.2185711333541183,0.5844694859742157,0.2896097220840969,-0.16344232206957832
0.7696705124207266,-0.39158768497536056,0.5042416944602128,0.0025886006929312913,0.24570396328944583,-0.11690900519530766,-0.11762735588113342,0.7774791316279229,0.3083536043209443,0.5452003323770575,0.05657607410663532,0.8026416014548936,0.5375570012276955,-0.16106645833938815,0.043403259445200716,-0.14232300905179962,0.9645205481898834,0.21808353968940586,0.5848245938445091,0.2898543088830344,-0.16367372214364573